LanePointX,LanePointY
-1.381974,-4.950000
-1.115962,-4.950000
-0.848959,-4.950000
-0.597258,-4.950000
-0.344678,-4.950000
-0.094698,-4.950000
0.172020,-4.950000
0.437031,-4.950000
0.704255,-4.950000
0.968746,-4.950000
1.230427,-4.950000
1.497434,-4.950000
1.757726,-4.950000
2.015555,-4.950000
2.284732,-4.950000
6.700163,-4.950000
6.982301,-4.950000
7.270665,-4.950000
7.566493,-4.950000
7.869074,-4.950000
8.178931,-4.950000
8.495442,-4.950000
8.819009,-4.950000
9.149431,-4.950000
9.402048,-4.950000
9.657166,-4.950000
9.916386,-4.950000
10.177377,-4.950000
10.442188,-4.950000
10.707883,-4.950000
15.116896,-4.950000
15.394580,-4.950000
15.671290,-4.950000
15.948875,-4.950000
16.225200,-4.950000
16.502413,-4.950000
16.778277,-4.950000
17.054987,-4.950000
17.330988,-4.950000
17.608000,-4.950000
17.883205,-4.950000
18.159796,-4.950000
18.435158,-4.950000
18.712336,-4.950000
18.989699,-4.950000
23.840802,-4.950000
24.177713,-4.950000
24.515359,-4.950000
24.859160,-4.950000
25.205481,-4.950000
25.556910,-4.950000
25.910971,-4.950000
26.269925,-4.950000
26.632012,-4.950000
26.998730,-4.950000
27.368519,-4.950000
27.742876,-4.950000
27.994211,-4.950000
28.245783,-4.950000
28.499990,-4.950000
32.676897,-4.950000
32.941142,-4.950000
33.205924,-4.950000
33.470812,-4.950000
33.735170,-4.950000
34.000275,-4.950000
34.264729,-4.950000
34.528559,-4.950000
34.792815,-4.950000
35.057056,-4.950000
35.321191,-4.950000
35.585242,-4.950000
35.849335,-4.950000
36.113036,-4.950000
36.378815,-4.950000
40.588295,-4.950000
40.849381,-4.950000
41.113981,-4.950000
41.373918,-4.950000
41.636728,-4.950000
41.900837,-4.950000
42.160636,-4.950000
42.423240,-4.950000
42.684737,-4.950000
42.945872,-4.950000
43.208285,-4.950000
43.469771,-4.950000
43.731487,-4.950000
43.993127,-4.950000
44.254535,-4.950000
48.426839,-4.950000
48.687401,-4.950000
48.947321,-4.950000
49.206933,-4.950000
49.468638,-4.950000
49.726297,-4.950000
49.986259,-4.950000
50.247200,-4.950000
50.505244,-4.950000
50.765282,-4.950000
51.024580,-4.950000
51.283595,-4.950000
51.542847,-4.950000
51.801663,-4.950000
52.060974,-4.950000
56.197308,-4.950000
56.456183,-4.950000
56.714110,-4.950000
56.972779,-4.950000
57.231633,-4.950000
57.489430,-4.950000
57.748153,-4.950000
58.005769,-4.950000
58.264082,-4.950000
58.522505,-4.950000
58.779831,-4.950000
59.037925,-4.950000
59.296165,-4.950000
59.553343,-4.950000
59.811490,-4.950000
63.922527,-4.950000
64.178574,-4.950000
64.434883,-4.950000
64.691003,-4.950000
64.946987,-4.950000
65.205121,-4.950000
65.460818,-4.950000
65.714784,-4.950000
65.970478,-4.950000
66.227542,-4.950000
66.481404,-4.950000
66.737047,-4.950000
66.992505,-4.950000
67.248418,-4.950000
67.505176,-4.950000
71.596775,-4.950000
71.850571,-4.950000
72.106335,-4.950000
72.361808,-4.950000
72.617691,-4.950000
72.875608,-4.950000
73.128495,-4.950000
73.383972,-4.950000
73.639654,-4.950000
73.895859,-4.950000
74.153524,-4.950000
74.407170,-4.950000
74.663105,-4.950000
74.918748,-4.950000
75.174451,-4.950000
79.270000,-4.950000
79.524325,-4.950000
79.780960,-4.950000
80.036921,-4.950000
80.293076,-4.950000
80.549132,-4.950000
80.805427,-4.950000
81.061771,-4.950000
81.318181,-4.950000
81.576999,-4.950000
81.833095,-4.950000
82.087088,-4.950000
82.343339,-4.950000
82.599542,-4.950000
82.856287,-4.950000
86.961982,-4.950000
87.218786,-4.950000
87.475639,-4.950000
87.732680,-4.950000
87.990325,-4.950000
88.246855,-4.950000
88.503892,-4.950000
88.760539,-4.950000
89.017380,-4.950000
89.274878,-4.950000
89.531078,-4.950000
89.788256,-4.950000
90.045618,-4.950000
90.302992,-4.950000
90.560791,-4.950000
94.680044,-4.950000
94.937186,-4.950000
95.194937,-4.950000
95.452531,-4.950000
95.710342,-4.950000
95.968756,-4.950000
96.226266,-4.950000
96.484511,-4.950000
96.743085,-4.950000
97.000492,-4.950000
97.258426,-4.950000
97.516696,-4.950000
97.774586,-4.950000
98.033006,-4.950000
98.291801,-4.950000
102.427419,-4.950000
102.685816,-4.950000
102.944639,-4.950000
103.203458,-4.950000
103.462272,-4.950000
103.720826,-4.950000
103.979380,-4.950000
104.238319,-4.950000
104.496977,-4.950000
104.755906,-4.950000
105.015425,-4.950000
105.274082,-4.950000
105.533090,-4.950000
105.791887,-4.950000
106.050811,-4.950000
110.199929,-4.950000
110.459970,-4.950000
110.718823,-4.950000
110.978559,-4.950000
111.240147,-4.950000
111.498044,-4.950000
111.758104,-4.950000
112.017828,-4.950000
112.277238,-4.950000
112.539126,-4.950000
112.798505,-4.950000
113.056533,-4.950000
113.316420,-4.950000
113.576303,-4.950000
113.836552,-4.950000
117.998829,-4.950000
118.259404,-4.950000
118.520727,-4.950000
118.781141,-4.950000
119.041431,-4.950000
119.301267,-4.950000
119.562257,-4.950000
119.822410,-4.950000
120.083045,-4.950000
120.344214,-4.950000
120.604364,-4.950000
120.865719,-4.950000
121.125702,-4.950000
121.386189,-4.950000
121.647485,-4.950000
125.824022,-4.950000
126.084738,-4.950000
126.346322,-4.950000
126.608474,-4.950000
126.869342,-4.950000
127.130898,-4.950000
127.392798,-4.950000
127.653816,-4.950000
127.915903,-4.950000
128.177054,-4.950000
128.438955,-4.950000
128.700770,-4.950000
128.962568,-4.950000
129.224085,-4.950000
129.487125,-4.950000
133.686438,-4.950000
133.948517,-4.950000
134.211314,-4.950000
134.474813,-4.950000
134.737051,-4.950000
135.000250,-4.950000
135.262253,-4.950000
135.524931,-4.950000
135.787641,-4.950000
136.050539,-4.950000
136.313983,-4.950000
136.576502,-4.950000
136.839542,-4.950000
137.103013,-4.950000
137.365322,-4.950000
141.575173,-4.950000
141.839106,-4.950000
142.101888,-4.950000
142.365244,-4.950000
142.628688,-4.950000
142.892117,-4.950000
143.155991,-4.950000
143.419711,-4.950000
143.814328,-4.950000
144.077956,-4.950000
144.344824,-4.950000
144.606400,-4.950000
144.868905,-4.950000
145.134373,-4.950000
145.397091,-4.950000
149.620332,-4.950000
149.884203,-4.950000
150.150526,-4.950000
150.413506,-4.950000
150.677876,-4.950000
150.942346,-4.950000
151.206186,-4.950000
151.472352,-4.950000
151.734756,-4.950000
151.999271,-4.950000
152.266006,-4.950000
152.527976,-4.950000
152.794198,-4.950000
153.058262,-4.950000
153.322403,-4.950000
157.558744,-4.950000
157.825083,-4.950000
158.091323,-4.950000
158.354013,-4.950000
158.618808,-4.950000
158.883647,-4.950000
159.148557,-4.950000
159.414816,-4.950000
159.679033,-4.950000
159.944025,-4.950000
160.209236,-4.950000
160.474687,-4.950000
160.740054,-4.950000
161.004828,-4.950000
161.269331,-4.950000
165.515946,-4.950000
165.781134,-4.950000
166.046688,-4.950000
166.312235,-4.950000
166.577793,-4.950000
166.843615,-4.950000
167.109503,-4.950000
167.375277,-4.950000
167.640997,-4.950000
167.906558,-4.950000
168.172313,-4.950000
168.438106,-4.950000
168.703751,-4.950000
168.970149,-4.950000
169.235854,-4.950000
173.497577,-4.950000
173.762554,-4.950000
174.029792,-4.950000
174.295510,-4.950000
174.562226,-4.950000
174.828979,-4.950000
175.095788,-4.950000
175.362880,-4.950000
175.629754,-4.950000
175.896636,-4.950000
176.163653,-4.950000
176.430659,-4.950000
176.697863,-4.950000
176.964998,-4.950000
177.232510,-4.950000
181.513214,-4.950000
181.780986,-4.950000
182.048614,-4.950000
182.316354,-4.950000
182.584133,-4.950000
182.851941,-4.950000
183.119948,-4.950000
183.387892,-4.950000
183.655952,-4.950000
183.923985,-4.950000
184.192000,-4.950000
184.460260,-4.950000
184.727949,-4.950000
184.996035,-4.950000
185.264252,-4.950000
189.556456,-4.950000
189.824815,-4.950000
190.093318,-4.950000
190.364999,-4.950000
190.630543,-4.950000
190.899291,-4.950000
191.167952,-4.950000
191.436433,-4.950000
191.704755,-4.950000
191.973211,-4.950000
192.242318,-4.950000
192.510960,-4.950000
192.779501,-4.950000
193.048625,-4.950000
193.317489,-4.950000
197.619232,-4.950000
197.890164,-4.950000
198.157495,-4.950000
198.427339,-4.950000
198.696310,-4.950000
198.965377,-4.950000
199.235575,-4.950000
199.503345,-4.950000
199.772881,-4.950000
200.042648,-4.950000
200.312222,-4.950000
200.582047,-4.950000
200.850292,-4.950000
201.119600,-4.950000
201.389182,-4.950000
205.705077,-4.950000
205.973338,-4.950000
206.242730,-4.950000
206.512891,-4.950000
206.782810,-4.950000
207.052928,-4.950000
207.323371,-4.950000
207.592700,-4.950000
207.863114,-4.950000
208.132297,-4.950000
208.403177,-4.950000
208.672379,-4.950000
208.941785,-4.950000
209.212096,-4.950000
209.482628,-4.950000
213.805305,-4.950000
214.076517,-4.950000
214.346480,-4.950000
214.617685,-4.950000
214.888674,-4.950000
215.158480,-4.950000
215.428898,-4.950000
215.698887,-4.950000
215.970046,-4.950000
216.240646,-4.950000
216.511336,-4.950000
216.782373,-4.950000
217.052543,-4.950000
217.323587,-4.950000
217.594390,-4.950000
221.929718,-4.950000
222.200423,-4.950000
222.471476,-4.950000
222.743026,-4.950000
223.013892,-4.950000
223.285647,-4.950000
223.557340,-4.950000
223.828249,-4.950000
224.099415,-4.950000
224.370726,-4.950000
224.641925,-4.950000
224.913258,-4.950000
225.184633,-4.950000
225.456094,-4.950000
225.727981,-4.950000
230.073642,-4.950000
230.344542,-4.950000
230.615718,-4.950000
230.887998,-4.950000
231.159713,-4.950000
231.431849,-4.950000
231.704098,-4.950000
231.974715,-4.950000
232.246864,-4.950000
232.518402,-4.950000
232.790204,-4.950000
233.061814,-4.950000
233.332940,-4.950000
233.605604,-4.950000
233.877601,-4.950000
238.228574,-4.950000
238.498942,-4.950000
238.772471,-4.950000
239.044120,-4.950000
239.315934,-4.950000
239.588819,-4.950000
239.860802,-4.950000
240.133107,-4.950000
240.405186,-4.950000
240.677056,-4.950000
240.949171,-4.950000
241.221077,-4.950000
241.492815,-4.950000
241.765757,-4.950000
242.038180,-4.950000
246.396242,-4.950000
246.669050,-4.950000
246.941947,-4.950000
247.214756,-4.950000
247.487653,-4.950000
247.760128,-4.950000
248.032666,-4.950000
248.305319,-4.950000
248.577912,-4.950000
248.851218,-4.950000
249.124715,-4.950000
249.397087,-4.950000
249.670597,-4.950000
249.942872,-4.950000
250.215171,-4.950000
254.586352,-4.950000
254.859757,-4.950000
255.133261,-4.950000
255.407144,-4.950000
255.681521,-4.950000
255.955361,-4.950000
256.228810,-4.950000
256.503544,-4.950000
256.777018,-4.950000
257.050336,-4.950000
257.325216,-4.950000
257.599329,-4.950000
257.873592,-4.950000
258.147561,-4.950000
258.421146,-4.950000
262.810225,-4.950000
263.084267,-4.950000
263.358398,-4.950000
263.633228,-4.950000
263.907164,-4.950000
264.181925,-4.950000
264.456543,-4.950000
264.731482,-4.950000
265.005834,-4.950000
265.280528,-4.950000
265.555508,-4.950000
265.829722,-4.950000
266.105556,-4.950000
266.379718,-4.950000
266.653831,-4.950000
271.054773,-4.950000
271.329316,-4.950000
271.605440,-4.950000
271.880028,-4.950000
272.154964,-4.950000
272.431407,-4.950000
272.706004,-4.950000
272.981292,-4.950000
273.256420,-4.950000
273.531255,-4.950000
273.807777,-4.950000
274.082898,-4.950000
274.358357,-4.950000
274.634031,-4.950000
274.908747,-4.950000
279.318421,-4.950000
279.598238,-4.950000
279.870261,-4.950000
280.146003,-4.950000
280.421000,-4.950000
280.697356,-4.950000
280.973357,-4.950000
281.249140,-4.950000
281.524946,-4.950000
281.801505,-4.950000
282.076461,-4.950000
282.352353,-4.950000
282.628230,-4.950000
282.904035,-4.950000
283.179844,-4.950000
288.061332,-4.793669
288.371869,-4.765324
288.680799,-4.734789
288.990334,-4.701857
289.299756,-4.666592
289.607620,-4.629169
289.917162,-4.589192
290.224123,-4.547207
290.531247,-4.502864
290.838820,-4.456108
291.144535,-4.407294
291.450875,-4.356035
291.756694,-4.302511
292.060881,-4.246930
292.366637,-4.188704
297.157495,-2.957789
297.448877,-2.862920
297.741958,-2.765096
298.033196,-2.665476
298.324646,-2.563363
298.614237,-2.459479
298.903453,-2.353305
299.192375,-2.244799
299.479115,-2.134678
299.766641,-2.021804
300.051919,-1.907360
300.335801,-1.791031
300.619966,-1.672124
300.902280,-1.551526
301.184336,-1.428562
305.546076,0.808414
305.808753,0.964674
306.071061,1.123343
306.330694,1.283021
306.590385,1.445378
306.847571,1.608816
307.103984,1.774420
307.359945,1.942415
307.613092,2.111243
307.865690,2.282396
308.117295,2.455590
308.367111,2.630274
308.615392,2.806614
308.863097,2.985295
309.108214,3.164864
312.842278,6.275193
313.062669,6.483317
313.281109,6.692639
313.498236,6.903763
313.713869,7.116518
313.928435,7.331340
314.140019,7.546293
314.351256,7.764044
314.560134,7.982535
314.767157,8.202270
314.973591,8.424605
315.176821,8.646718
315.379218,8.871175
315.580115,9.097261
315.778694,9.324044
318.721687,13.136145
318.891463,13.386620
319.057004,13.634712
319.221966,13.885839
319.385554,14.138856
319.545995,14.390997
319.705224,14.645270
319.862501,14.900512
320.017976,15.156965
320.171855,15.414981
320.323377,15.673280
320.472707,15.932106
320.620718,16.192979
320.766582,16.454458
320.910343,16.716599
322.924582,20.986053
323.032234,21.255637
323.137749,21.525431
323.241358,21.795949
323.343095,22.067266
323.442634,22.338438
323.540376,22.610581
323.635478,22.881338
323.728340,23.151746
323.819427,23.423139
323.908324,23.694325
323.995313,23.966074
324.080373,24.238277
324.163476,24.510821
324.244682,24.783859
325.578830,31.165498
325.628044,31.568832
325.673306,31.972999
325.714446,32.376055
325.751456,32.777867
325.784307,33.177672
325.813318,33.579414
325.838131,33.977658
325.859040,34.375481
325.876144,34.774401
325.889313,35.171370
325.898585,35.566853
325.903983,35.959989
325.905565,36.352373
325.903382,36.745287
325.382414,42.838639
325.321462,43.204598
325.256929,43.571419
325.189503,43.935438
325.118965,44.297857
325.045713,44.656825
324.969297,45.014682
324.889941,45.370548
324.807195,45.726609
324.721595,46.080658
324.633322,46.432065
324.542502,46.780442
324.448841,47.127050
324.352464,47.471501
324.252855,47.815822
322.321219,53.034201
322.181488,53.340960
322.039135,53.646713
321.894640,53.950508
321.748412,54.251530
321.600513,54.549695
321.450820,54.845318
321.299022,55.139052
321.144993,55.431251
320.988949,55.721573
320.831322,56.009245
320.672550,56.293512
320.512190,56.575245
320.349930,56.855030
320.184755,57.134672
317.361766,61.265969
317.174322,61.504851
316.986149,61.741021
316.796850,61.975035
316.607178,62.205964
316.416860,62.434205
316.225183,62.660613
316.032541,62.884804
315.838512,63.107343
315.644380,63.326743
315.449945,63.543288
315.255030,63.757209
315.057301,63.971090
314.860545,64.180882
314.660433,64.391228
311.294194,67.526416
311.074676,67.707403
310.851981,67.888387
310.554187,68.126347
310.330146,68.302369
310.104494,68.477100
309.877798,68.650097
309.649466,68.821808
309.420805,68.991255
309.190859,69.159162
308.882187,69.380690
308.572580,69.598521
308.338965,69.760042
308.025381,69.973078
307.710509,70.182707
302.462087,73.107167
302.121638,73.263050
301.788862,73.411103
301.484829,73.543304
301.185186,73.674085
300.885701,73.804846
300.586163,73.935635
300.286880,74.066312
299.988116,74.196763
299.689809,74.327014
299.391509,74.457262
299.093241,74.587497
298.795257,74.717607
298.497297,74.847706
298.200508,74.977295
293.453545,77.049984
293.155995,77.179904
292.858156,77.309952
292.560080,77.440102
292.262246,77.570147
291.965153,77.699868
291.666870,77.830108
291.368780,77.960265
291.070308,78.090588
290.772173,78.220764
290.474151,78.350891
290.174961,78.481528
289.876236,78.611962
289.577355,78.742463
289.278845,78.872803
284.485849,80.965592
284.185612,81.096686
283.884773,81.228043
283.584205,81.359281
283.284039,81.490344
282.983457,81.621589
282.682265,81.753100
282.381003,81.884641
282.079991,82.016073
281.779284,82.147373
281.477873,82.278979
281.176353,82.410633
280.874576,82.542400
280.573390,82.673908
280.271333,82.805796
275.430198,84.919604
275.126499,85.052210
274.822751,85.184837
274.518899,85.317509
274.215926,85.449798
273.911707,85.582631
273.606573,85.715863
273.303231,85.848312
272.999344,85.981000
272.694374,86.114160
272.390263,86.246946
272.085381,86.380068
271.780477,86.513200
271.475764,86.646248
271.169898,86.779800
267.342879,88.450809
267.112296,88.551490
266.881846,88.652112
266.651188,88.752826
266.421351,88.853181
266.190630,88.953921
265.960223,89.054525
265.729146,89.155421
265.498842,89.255980
265.267144,89.357147
265.037663,89.457347
264.806718,89.558186
264.575811,89.659007
264.344428,89.760037
264.113108,89.861040
260.408809,91.478466
260.176914,91.579719
259.944931,91.681011
259.712434,91.782527
259.480009,91.884012
259.246561,91.985944
259.015841,92.086684
258.783277,92.188230
258.550941,92.289675
258.318253,92.391275
258.085576,92.492870
257.851658,92.595007
257.620654,92.695871
257.387935,92.797484
257.155167,92.899119
253.422570,94.528901
253.188669,94.631030
252.955328,94.732915
252.721276,94.835110
252.487383,94.937236
252.253092,95.039536
252.019121,95.141695
251.784224,95.244260
251.550867,95.346152
251.316579,95.448450
251.082567,95.550627
250.846554,95.653679
250.613379,95.755491
250.378467,95.858062
250.143906,95.960480
246.384183,97.602105
246.148247,97.705123
245.912737,97.807955
245.676852,97.910951
245.441250,98.013823
245.205742,98.116654
244.970347,98.219435
244.734280,98.322511
244.498061,98.425652
244.261425,98.528975
244.025067,98.632178
243.789485,98.735041
243.554045,98.837842
243.317067,98.941315
243.081064,99.044362
239.291456,100.699037
239.054051,100.802696
238.815199,100.906987
238.578894,101.010166
238.341258,101.113926
238.103812,101.217603
237.865906,101.321482
237.628739,101.425037
237.390966,101.528857
237.153042,101.632743
236.915171,101.736606
236.675556,101.841230
236.438342,101.944806
236.199659,102.049023
235.962772,102.152456
232.142017,103.820730
231.902783,103.925188
231.663474,104.029679
231.423157,104.134610
231.183221,104.239374
230.943925,104.343859
230.704111,104.448570
230.464324,104.553270
230.224421,104.658020
229.984046,104.762976
229.743676,104.867930
229.503369,104.972856
229.263276,105.077689
229.022524,105.182810
228.782469,105.287626
224.921456,106.973479
224.678052,107.079757
224.436812,107.185091
224.193814,107.291193
223.952441,107.396584
223.710579,107.502190
223.468806,107.607756
223.227120,107.713285
222.985613,107.818735
222.743903,107.924274
222.517174,108.021972
222.307582,108.113118
222.100811,108.205114
221.894778,108.298666
221.689936,108.393516
218.528002,110.104830
218.337868,110.223635
218.149415,110.343314
217.961047,110.464878
217.774857,110.586974
217.588856,110.710893
217.404345,110.835771
217.220421,110.962214
217.037953,111.089624
216.856136,111.218557
216.675716,111.348482
216.495947,111.479934
216.317608,111.612339
216.139938,111.746262
215.963808,111.881039
213.294866,114.196333
213.137749,114.350506
212.982258,114.505293
212.827193,114.661890
212.674419,114.818406
212.522116,114.976692
212.371180,115.135829
212.220905,115.296562
212.073166,115.456874
211.926266,115.618575
211.780240,115.781640
211.635618,115.945481
211.492459,116.110017
211.350153,116.275951
211.209317,116.442565
209.132433,119.224003
209.013884,119.404537
208.896633,119.585876
208.780525,119.768272
208.665782,119.951364
208.552017,120.135774
208.439909,120.320395
208.327934,120.507767
208.219141,120.692787
208.110656,120.880292
208.003859,121.067945
207.898020,121.257006
207.793491,121.446864
207.690340,121.637388
207.588487,121.828724
206.144694,124.986156
206.066343,125.189018
205.989294,125.392796
205.913687,125.597131
205.839513,125.802042
205.766912,126.007161
205.695872,126.212501
205.626039,126.419121
205.557762,126.625976
205.490678,126.834180
205.425575,127.041259
205.361390,127.250596
205.299180,127.458784
205.238103,127.668632
205.178743,127.878146
204.431271,131.293505
204.397448,131.510244
204.365261,131.726690
204.334581,131.943687
204.305460,132.160852
204.277802,132.378924
204.251760,132.596685
204.227245,132.814926
204.204358,133.032747
204.183008,133.251042
204.163200,133.469728
204.144841,133.689987
204.128230,133.908125
204.113107,134.127386
204.099548,134.346962
204.097678,137.871170
204.111072,138.092009
204.126034,138.312342
204.142580,138.532467
204.160743,138.752759
204.180494,138.972934
204.201867,139.193324
204.224811,139.413443
204.249307,139.633063
204.275421,139.852726
204.303147,140.072390
204.332501,140.292163
204.363456,140.511837
204.395990,140.731253
204.430116,140.950452
205.191631,144.419875
205.252717,144.634180
205.315328,144.847958
205.379462,145.061180
205.445036,145.273580
205.512279,145.485883
205.581012,145.697530
205.651509,145.909360
205.723499,146.120548
205.797001,146.331160
205.871931,146.540942
205.948474,146.750410
206.026431,146.959006
206.106106,147.167563
206.187349,147.375669
207.691856,150.620365
207.798343,150.817066
207.906389,151.013209
208.016438,151.209578
208.127436,151.404285
208.240199,151.598786
208.354106,151.791983
208.469480,151.984431
208.586135,152.175811
208.704627,152.367042
208.824360,152.557152
208.945747,152.746804
209.068246,152.935141
209.192256,153.122775
209.317575,153.309386
211.510035,156.170672
211.658893,156.341678
211.807973,156.510406
211.959002,156.678820
212.111038,156.845857
212.264602,157.012099
212.420327,157.178207
212.575886,157.341706
212.733273,157.504702
212.890975,157.665629
213.050514,157.826041
213.211414,157.985451
213.373613,158.143795
213.537058,158.301023
213.701471,158.456865
216.488582,160.784083
216.672464,160.918941
216.856860,161.052090
217.042914,161.184352
217.228797,161.314422
217.416309,161.443569
217.604514,161.571138
217.794260,161.697709
217.985525,161.823251
218.176754,161.946753
218.368724,162.068726
218.562273,162.189692
218.755925,162.308722
218.951140,162.426725
219.147262,162.543297
222.402896,164.209277
222.613262,164.300617
222.824351,164.390398
223.036181,164.478633
223.248664,164.565286
223.462080,164.650472
223.675412,164.733778
223.890175,164.815797
224.105105,164.896032
224.320337,164.974552
224.536967,165.051756
224.753982,165.127278
224.972356,165.201447
225.190128,165.273591
225.408120,165.343996
228.976538,166.250200
229.203826,166.292722
229.430548,166.333381
229.658385,166.372475
229.885437,166.409675
230.113885,166.445338
230.342072,166.479205
230.571335,166.511474
230.800167,166.541935
231.029713,166.570736
231.258722,166.597717
231.488435,166.623028
231.717972,166.646566
231.948464,166.668453
232.178708,166.688570
235.883838,166.773942
236.116169,166.764379
236.347864,166.753086
236.580443,166.739990
236.812338,166.725175
237.044519,166.708580
237.275794,166.690286
237.507573,166.670181
237.739173,166.648320
237.971421,166.624622
238.203141,166.599202
238.434006,166.572111
238.665055,166.543221
238.896145,166.512537
239.126422,166.480179
242.767641,165.727065
242.991355,165.665538
243.213294,165.602692
243.435890,165.537844
243.656539,165.471754
243.877487,165.403759
244.097379,165.334271
244.316921,165.263073
244.535469,165.190375
244.753768,165.115933
244.971193,165.039959
245.194618,164.959267
245.440096,164.868102
245.690700,164.775354
245.940284,164.683085
249.928911,163.208880
250.177488,163.117006
250.426154,163.025099
250.673134,162.933815
250.920287,162.842467
251.167768,162.750998
251.414918,162.659651
251.662446,162.568164
251.909238,162.476950
252.156504,162.385560
252.402977,162.294464
252.649971,162.203174
252.896031,162.112230
253.143595,162.020730
253.390581,161.929444
257.315963,160.478620
257.561886,160.387727
257.808203,160.296688
258.053062,160.206188
258.299284,160.115184
258.544301,160.024625
258.790453,159.933647
259.035612,159.843036
259.280820,159.752407
259.527316,159.661302
259.771235,159.571149
260.016202,159.480609
260.261024,159.390123
260.505620,159.299720
260.750245,159.209307
265.233158,157.798455
265.519918,157.727302
265.804953,157.658773
266.089952,157.592430
266.376160,157.527984
266.662495,157.465684
266.949644,157.405381
267.237582,157.347087
267.524014,157.291256
267.812729,157.237145
268.100031,157.185444
268.389233,157.135549
268.678855,157.087731
268.968380,157.042076
269.258476,156.998480
273.942384,156.587466
274.237339,156.579834
274.531703,156.574351
274.827342,156.570991
275.120901,156.569793
275.415941,156.570735
275.710672,156.573822
276.005693,156.579056
276.301072,156.586442
276.597506,156.596013
276.890471,156.607611
277.185180,156.621419
277.479262,156.637348
277.773772,156.655450
278.068198,156.675697
282.757108,157.291651
283.047667,157.348311
283.337334,157.406996
283.627413,157.467980
283.916766,157.531021
284.205989,157.596248
284.494955,157.663634
284.784892,157.733487
285.071857,157.804857
285.357868,157.878208
285.644234,157.953886
285.930498,158.031783
286.216958,158.111987
286.501931,158.194027
286.785680,158.277956
291.250720,159.907170
291.524607,160.026923
291.795442,160.147718
292.066901,160.271178
292.337173,160.396495
292.606749,160.523906
292.875073,160.653149
293.143403,160.784842
293.409939,160.918098
293.676260,161.053701
293.940460,161.190674
294.203985,161.329754
294.467759,161.471458
294.729093,161.614346
294.990217,161.759630
299.017485,164.343146
299.259567,164.520784
299.499685,164.699729
299.738920,164.880790
299.976697,165.063528
300.213713,165.248483
300.449096,165.434975
300.683309,165.623375
300.915778,165.813228
301.148132,166.005880
301.376473,166.198085
301.605209,166.393521
301.832921,166.591021
302.059554,166.790546
302.283961,166.991087
305.665360,170.420101
305.863311,170.647942
306.060633,170.878504
306.255270,171.109388
306.447958,171.341429
306.639271,171.575334
306.828482,171.810218
307.016475,172.047190
307.202418,172.285198
307.387221,172.525410
307.570114,172.766840
307.752036,173.010743
307.930601,173.253919
308.108353,173.499813
308.283066,173.745350
310.841335,177.872260
310.984621,178.140019
311.126183,178.409397
311.266395,178.681139
311.403426,178.951676
311.539069,179.224498
311.672735,179.498484
311.804173,179.773121
311.933466,180.048577
312.060923,180.325507
312.186413,180.603642
312.309902,180.882910
312.431143,181.162750
312.550296,181.443534
312.667242,181.724984
314.249206,186.345581
314.329826,186.641584
314.408002,186.937372
314.484134,187.234466
314.557878,187.531559
314.629345,187.829065
314.698588,188.127221
314.765670,188.426278
314.830518,188.725938
314.893423,189.027592
314.953409,189.326545
315.011486,189.627725
315.067214,189.928989
315.120847,190.231690
315.172116,190.534348
315.679900,195.423570
315.691954,195.731172
315.701664,196.038650
315.709058,196.346995
315.714112,196.655306
315.716832,196.963929
315.717214,197.272481
315.715252,197.580837
315.710943,197.889159
315.704285,198.197646
315.695272,198.506512
315.683915,198.815295
315.670237,199.123539
315.654179,199.432364
315.635740,199.741428
315.021173,204.656643
314.962697,204.962053
314.902117,205.265842
314.838744,205.571399
314.773649,205.873602
314.705755,206.177534
314.635677,206.480357
314.563152,206.783193
314.488566,207.084428
314.411314,207.386475
314.332189,207.686251
314.250335,207.987038
314.166291,208.286796
314.079778,208.586529
313.991290,208.884505
312.275603,213.532860
312.150224,213.814762
312.022635,214.095848
311.892728,214.376359
311.760808,214.655629
311.626501,214.934463
311.490159,215.212090
311.352060,215.487967
311.211921,215.762681
311.069378,216.036934
310.925252,216.309141
310.778454,216.581370
310.629934,216.851850
310.478956,217.121929
310.325986,217.390758
307.610404,221.517473
307.425004,221.763032
307.237777,222.007140
307.048908,222.249560
306.858213,222.490538
306.665791,222.729949
306.472296,222.967041
306.278237,223.201186
306.084020,223.431956
305.888467,223.660782
305.691590,223.887694
305.493267,224.112879
305.293445,224.336420
305.092370,224.558067
304.891895,224.775788
301.297467,228.200420
301.011708,228.438638
300.723996,228.674032
300.434368,228.906583
300.142839,229.136289
299.849433,229.363142
299.554202,229.587109
299.257057,229.808268
298.958257,230.026435
298.657785,230.241638
298.360732,230.449619
298.090661,230.635374
297.823829,230.819448
297.557368,231.003319
297.291269,231.186944
293.047066,234.115719
292.781328,234.299095
292.516243,234.482021
292.250416,234.665459
291.985023,234.848597
291.718978,235.032185
291.452893,235.215801
291.187120,235.399201
290.921457,235.582526
290.655139,235.766302
290.387981,235.950659
290.122757,236.133681
289.856674,236.317295
289.590934,236.500673
289.324376,236.684615
285.055758,239.630237
284.788665,239.814549
284.521187,239.999126
284.253037,240.184167
283.985946,240.368476
283.719311,240.552472
283.451691,240.737147
283.183652,240.922111
282.916473,241.106482
282.648550,241.291366
282.381266,241.475809
282.113817,241.660367
281.845949,241.845213
281.577770,242.030274
281.309734,242.215236
277.013794,245.179712
276.745085,245.365139
276.476032,245.550803
276.206750,245.736625
275.937087,245.922709
275.667419,246.108798
275.398011,246.294707
275.128624,246.480601
274.858866,246.666752
274.588747,246.853151
274.318525,247.039622
274.048977,247.225627
273.779066,247.411884
273.507773,247.599093
273.238186,247.785126
268.903696,250.776204
268.632642,250.963249
268.361405,251.150420
268.089727,251.337895
267.818641,251.524961
267.546609,251.712681
267.274554,251.900417
267.003126,252.087720
266.730962,252.275531
266.459534,252.462833
266.186697,252.651108
265.914353,252.839043
265.642745,253.026471
265.370813,253.214122
265.098217,253.402230
260.728758,256.417439
260.454914,256.606409
260.181715,256.794934
259.907669,256.984044
259.633738,257.173073
259.359660,257.362205
259.084581,257.552027
258.811201,257.740677
258.537404,257.929615
258.263526,258.118609
258.057441,258.260820
257.851443,258.402972
257.645711,258.544941
257.439945,258.686933
257.165881,258.876055
253.590626,261.343211
253.383827,261.485916
253.177163,261.628528
252.970656,261.771031
252.764230,261.913478
252.557076,262.056428
252.349530,262.199648
252.142814,262.342296
251.935838,262.485122
251.729004,262.627851
251.521951,262.770731
251.314796,262.913681
251.107361,263.056825
250.899286,263.200410
250.692108,263.343376
247.368574,265.636830
247.159106,265.781376
246.951070,265.924934
246.742619,266.068779
246.534916,266.212107
246.326430,266.355976
246.118000,266.499806
245.909083,266.643972
245.700187,266.788125
245.491532,266.932110
245.282959,267.076038
245.074150,267.220130
244.865100,267.364388
244.655622,267.508941
244.446677,267.653127
241.094619,269.966264
240.884154,270.111498
240.674540,270.256145
240.463824,270.401553
240.254088,270.546285
240.043834,270.691374
239.833427,270.836568
239.622607,270.982047
239.413611,271.126268
239.202541,271.271920
238.993117,271.416436
238.782371,271.561864
238.572049,271.707000
238.362059,271.851907
238.151538,271.997180
234.779702,274.323965
234.568019,274.470039
234.356834,274.615771
234.144906,274.762015
233.934317,274.907335
233.723150,275.053054
233.511583,275.199049
233.299763,275.345218
233.088656,275.490896
232.876830,275.637069
232.665667,275.782785
232.454071,275.928800
232.242883,276.074534
232.031009,276.220740
231.819232,276.366880
228.430110,278.705594
228.218753,278.851443
228.008089,278.996815
227.797065,279.142435
227.586484,279.287750
227.375408,279.433406
227.165129,279.578512
226.953277,279.724703
226.744198,279.868981
226.533803,280.014168
226.324348,280.158705
226.113876,280.303944
225.904637,280.448333
225.694780,280.593148
225.485331,280.737681
221.616079,283.163137
221.364181,283.300853
221.111945,283.436440
220.858222,283.570520
220.604384,283.702369
220.349171,283.832649
220.093901,283.960690
219.835919,284.087808
219.578975,284.212162
219.318279,284.336067
218.972863,284.496758
218.711974,284.615525
218.450006,284.732549
218.188158,284.847297
217.924421,284.960656
213.599611,286.518145
213.323090,286.599276
213.046126,286.678402
212.768702,286.755526
212.489909,286.830891
212.211508,286.904031
211.931426,286.975488
211.651157,287.044877
211.370677,287.112201
211.090002,287.177461
210.808559,287.240791
210.527120,287.302010
210.244305,287.361425
209.961120,287.418815
209.675637,287.474556
205.091594,288.083814
204.805192,288.104328
204.514265,288.123075
204.227163,288.139514
203.936673,288.154073
203.647680,288.166489
203.357451,288.176884
203.068331,288.185167
202.778413,288.191398
202.489017,288.195538
202.198613,288.197618
201.908294,288.197619
201.617991,288.195548
201.328025,288.191405
201.037559,288.185173
196.406493,287.802668
196.118441,287.761085
195.828588,287.717112
195.541381,287.671426
195.254467,287.623677
194.968449,287.573964
194.681177,287.521903
194.395242,287.467950
194.109563,287.411920
193.823836,287.353748
193.538001,287.293417
193.253354,287.231193
192.968749,287.166827
192.684828,287.100459
192.401071,287.031968
187.931360,285.658546
187.657080,285.555485
187.383317,285.450361
187.201692,285.379358
186.837937,285.234108
186.567655,285.123521
186.297262,285.010609
186.026459,284.895218
185.757643,284.778374
185.490346,284.659887
185.222355,284.538766
184.956574,284.416310
184.690958,284.291593
184.426321,284.164994
184.161579,284.035981
180.066970,281.718039
179.820253,281.557530
179.574358,281.394996
179.329819,281.230786
179.086155,281.064583
178.843859,280.896721
178.601648,280.726307
178.362378,280.555342
178.123566,280.382068
177.886227,280.207203
177.648802,280.029593
177.414402,279.851569
177.180017,279.670862
176.947314,279.488734
176.716056,279.305002
173.219609,276.156192
173.013667,275.946332
172.809195,275.734921
172.606432,275.522208
172.405443,275.308271
172.218047,275.104358
172.042644,274.912312
171.868797,274.722327
171.694449,274.531867
171.521250,274.342672
171.347519,274.152899
171.174163,273.963536
170.999984,273.773274
170.827439,273.584797
170.654049,273.395396
167.895111,270.381706
167.724962,270.195845
167.553566,270.008623
167.382476,269.821736
167.211277,269.634729
167.040210,269.447865
166.868962,269.260805
166.698110,269.074177
166.527336,268.887634
166.356492,268.701015
166.185427,268.514154
166.014633,268.327590
165.842866,268.139962
165.672106,267.953434
165.500944,267.766468
162.756231,264.768316
162.584778,264.581032
162.412278,264.392603
162.240808,264.205300
162.068620,264.017213
161.897074,263.829827
161.724812,263.641659
161.552746,263.453704
161.380118,263.265137
161.208011,263.077137
161.035567,262.888770
160.863679,262.701011
160.691324,262.512742
160.518923,262.324421
160.346401,262.135969
157.251310,258.755086
157.032837,258.516440
156.814752,258.278217
156.595818,258.039068
156.377856,257.800980
156.159225,257.562161
155.940478,257.323216
155.721947,257.084507
155.503409,256.845789
155.284390,256.606546
155.065433,256.367371
154.844782,256.126346
154.627249,255.888726
154.408242,255.649497
154.189154,255.410179
150.670483,251.566604
150.449525,251.325243
150.229203,251.084577
150.008439,250.843429
149.787753,250.602365
149.566632,250.360826
149.345564,250.119346
149.124722,249.878112
148.903827,249.636820
148.682668,249.395240
148.459740,249.151727
148.239823,248.911504
148.018571,248.669822
147.797239,248.428053
147.575593,248.185940
144.022318,244.304567
143.799435,244.061103
143.576974,243.818101
143.354481,243.575063
143.131395,243.331378
142.908414,243.087808
142.685396,242.844197
142.462340,242.600544
142.239515,242.357144
142.016246,242.113259
141.792804,241.869185
141.569090,241.624814
141.346066,241.381196
141.122808,241.137324
140.897910,240.891660
137.315471,236.978428
137.090868,236.733086
136.866217,236.487691
136.641807,236.242559
136.416890,235.996875
136.192073,235.751299
135.967113,235.505566
135.742056,235.259729
135.517253,235.014168
135.348131,234.829429
135.179242,234.644946
135.009239,234.459245
134.841218,234.275710
134.616016,234.029713
134.390474,233.783346
131.621389,230.758570
131.451690,230.573202
131.281831,230.387659
131.111808,230.201936
130.941618,230.016031
130.770061,229.828634
130.600967,229.643926
130.431492,229.458802
130.261346,229.272945
130.091156,229.087040
129.920889,228.901052
129.750462,228.714888
129.579964,228.528646
129.409815,228.342786
129.239314,228.156541
126.505323,225.170101
126.334184,224.983160
126.162848,224.796003
126.048030,224.670583
125.820411,224.421947
125.649131,224.234851
125.477514,224.047387
125.305795,223.859812
125.134008,223.672164
124.962700,223.485037
124.790143,223.296546
124.619010,223.109612
124.446334,222.920991
124.275284,222.734147
124.103366,222.546355
121.347452,219.535967
121.174702,219.347266
121.001872,219.158477
120.829125,218.969779
120.656499,218.781213
120.483895,218.592672
120.310370,218.403124
120.138182,218.215036
119.965089,218.025961
119.792224,217.837134
119.617920,217.646735
119.445664,217.458574
119.273244,217.270232
119.100079,217.081078
118.926743,216.891736
116.149738,213.858311
115.976385,213.668951
115.807789,213.483861
115.656624,213.317318
115.506636,213.154919
115.355598,212.993856
115.203657,212.834174
115.050639,212.675665
114.896615,212.518397
114.741741,212.362520
114.584020,212.206049
114.426893,212.052408
114.269061,211.900278
114.111232,211.750314
113.950927,211.600159
111.248722,209.361861
111.072530,209.233150
110.894273,209.104876
110.715784,208.978367
110.535663,208.852638
110.354865,208.728353
110.172653,208.605008
109.989687,208.483051
109.805854,208.362409
109.621592,208.243370
109.435804,208.125226
109.249912,208.008894
109.061588,207.892910
108.874777,207.779702
108.684873,207.666460
105.555400,206.050884
105.354362,205.962195
105.151456,205.874425
104.948927,205.788548
104.744691,205.703674
104.540239,205.620428
104.334763,205.538481
104.129034,205.458150
103.922908,205.379373
103.716524,205.302199
103.508911,205.226273
103.300960,205.151920
103.091015,205.078556
102.882882,205.007504
102.672301,204.937301
99.253066,204.026381
99.037016,203.982817
98.818863,203.940467
98.601351,203.899871
98.382781,203.860706
98.164187,203.823162
97.945492,203.787229
97.726543,203.752881
97.507493,203.720140
97.288480,203.689028
97.068434,203.659392
96.848268,203.631361
96.627717,203.604898
96.407371,203.580071
96.186055,203.556758
92.633574,203.402986
92.411611,203.407077
92.187983,203.412820
91.965802,203.420142
91.742503,203.429118
91.520121,203.439681
91.297569,203.451876
91.075545,203.465668
90.852831,203.481130
90.630555,203.498187
90.407703,203.516916
90.185598,203.537207
89.963285,203.559152
89.741762,203.582650
89.519802,203.607836
85.996369,204.230802
85.778475,204.283430
85.560134,204.337862
85.343522,204.393552
85.125776,204.451242
84.908644,204.510482
84.694202,204.570676
84.478135,204.633022
84.262762,204.696875
84.048152,204.762217
83.833659,204.829248
83.619828,204.897802
83.406100,204.968053
83.192777,205.039906
82.980119,205.113268
79.656053,206.497661
79.453725,206.597167
79.252024,206.698213
79.050990,206.800779
78.849567,206.905414
78.649102,207.011437
78.451513,207.117813
78.253101,207.226519
78.057003,207.335852
77.860724,207.447180
77.663869,207.560757
77.468991,207.675116
77.274969,207.790897
77.082363,207.907768
76.889693,208.026636
73.930109,210.119763
73.753251,210.262296
73.577386,210.406192
73.403000,210.551049
73.229203,210.697612
73.056961,210.845064
72.884018,210.995349
72.714203,211.145144
72.544789,211.296815
72.376158,211.450052
72.209346,211.603914
72.043509,211.759172
71.878488,211.915982
71.714761,212.073886
71.550920,212.234264
69.110042,214.946018
68.968215,215.125165
68.827691,215.305408
68.688379,215.486862
68.550209,215.669628
68.413456,215.853341
68.278038,216.038129
68.144491,216.223246
68.011748,216.410183
67.880380,216.598141
67.750604,216.786803
67.621082,216.978138
67.494651,217.167943
67.369273,217.359239
67.244864,217.552187
65.454119,220.760680
65.355282,220.967673
65.257379,221.176721
65.161593,221.385317
65.067007,221.595450
64.974182,221.805882
64.882537,222.017928
64.792676,222.230208
64.704338,222.443310
64.617717,222.656788
64.532538,222.871330
64.449176,223.086009
64.367142,223.302062
64.286861,223.518381
64.207852,223.736263
63.172501,227.285313
63.122090,227.510936
63.073264,227.737466
63.026061,227.964777
62.980625,228.192158
62.936947,228.419650
62.894920,228.647840
62.854723,228.875776
62.816143,229.104649
62.779258,229.334016
62.744101,229.563677
62.710728,229.793231
62.678974,230.023894
62.649175,230.253218
62.620825,230.485143
62.407900,234.201257
62.409566,234.434123
62.413006,234.667259
62.418221,234.900250
62.425222,235.133863
62.433985,235.367080
62.444536,235.600775
62.456826,235.833653
62.470913,236.066872
62.486756,236.299616
62.504399,236.532623
62.523833,236.765741
62.545044,236.998754
62.567991,237.231323
62.592756,237.464165
63.227742,241.148157
63.282024,241.374440
63.338041,241.600386
63.395609,241.825275
63.455030,242.050292
63.518458,242.280687
63.591106,242.535445
63.664485,242.793810
63.738119,243.053428
63.811557,243.312423
63.885009,243.571478
63.958365,243.830199
64.037295,244.104358
64.119846,244.395839
64.200691,244.690611
65.186985,249.470058
65.229564,249.773023
65.269880,250.076475
65.307884,250.380041
65.343530,250.683308
65.376903,250.986990
65.408026,251.291275
65.436867,251.595879
65.463403,251.900492
65.487672,252.205618
65.509632,252.510830
65.529258,252.815708
65.546612,253.121245
65.561656,253.426838
65.574411,253.732827
65.464094,258.634940
65.437546,258.940475
65.408654,259.246161
65.377517,259.550905
65.343836,259.857605
65.308128,260.161553
65.269862,260.467373
65.229451,260.771633
65.186702,261.075836
65.141687,261.379474
65.094221,261.683703
65.044694,261.986082
64.992530,262.290138
64.938355,262.592189
64.881705,262.894880
63.665764,267.667071
63.570719,267.959791
63.473221,268.252492
63.373312,268.545004
63.271156,268.836831
63.166199,269.129504
63.060615,269.417011
62.951241,269.707984
62.840992,269.994626
62.727741,270.282545
62.611868,270.570675
62.494499,270.856229
62.373962,271.143245
62.252597,271.426158
62.128593,271.709266
59.853284,276.105304
59.693315,276.370726
59.531003,276.635450
59.367018,276.898390
59.200727,277.160547
59.032568,277.421219
58.862570,277.680370
58.690597,277.938207
58.516685,278.194696
58.340371,278.450505
58.162246,278.704776
57.981831,278.958170
57.799913,279.209577
57.616429,279.459105
57.430150,279.708415
54.201083,283.490181
53.984317,283.712919
53.766793,283.933043
53.547059,284.152035
53.325894,284.369111
53.103335,284.584244
52.879551,284.797284
52.653871,285.008876
52.426732,285.218607
52.198157,285.426460
51.967681,285.632857
51.735800,285.837347
51.503268,286.039288
51.269938,286.238839
51.032928,286.438440
47.120048,289.327843
46.872300,289.487411
46.624038,289.644739
46.375741,289.799539
46.125655,289.952952
45.875191,290.104113
45.624415,290.253032
45.374230,290.399166
45.124820,290.542449
44.875306,290.683406
44.625396,290.822241
44.374847,290.959125
44.121021,291.095484
43.872167,291.226933
43.538554,291.399676
38.176026,293.671107
37.834715,293.785725
37.492857,293.897147
37.149101,294.005810
36.792199,294.116115
36.407919,294.228739
36.020070,294.334690
35.629567,294.433917
35.242112,294.525090
34.849378,294.610214
34.458109,294.687792
34.066561,294.758341
33.677516,294.821376
33.290934,294.877054
32.903552,294.925975
26.988648,294.838040
26.643168,294.784091
26.300941,294.725192
25.960075,294.661154
25.622650,294.592371
25.292008,294.519671
24.962748,294.442002
24.636101,294.359808
24.314554,294.273773
23.996784,294.183658
23.682854,294.089583
23.370310,293.990962
23.062003,293.888770
22.759045,293.783464
22.385202,293.646679
17.202121,290.873799
16.929839,290.675052
16.663006,290.473983
16.399446,290.269168
16.140943,290.062127
15.890168,289.855143
15.645079,289.646733
15.404052,289.435746
15.122264,289.179906
14.851018,288.925117
14.586144,288.667867
14.328992,288.409730
14.082185,288.153811
13.840499,287.895064
13.603596,287.633210
10.508764,283.174556
10.363478,282.907179
10.220530,282.639245
10.079909,282.370763
9.941618,282.101769
9.805425,281.831827
9.671994,281.562300
9.540638,281.291843
9.411641,281.021059
9.284923,280.749819
9.160479,280.478136
9.038342,280.206117
8.918483,279.933732
8.800637,279.660395
8.685335,279.387366
7.144400,274.993717
7.066882,274.719161
6.991311,274.443971
6.905677,274.122372
6.823237,273.802049
6.743482,273.481128
6.666653,273.160643
6.592602,272.840064
6.521422,272.519878
6.452949,272.199428
6.387438,271.880018
6.324638,271.560556
6.264634,271.241568
6.207321,270.922595
6.152673,270.603553
5.634702,265.488578
5.624552,265.174686
5.616477,264.895163
5.608415,264.616080
5.600376,264.337784
5.592342,264.059669
5.584346,263.782888
5.576368,263.506709
5.568413,263.231341
5.560476,262.956570
5.552540,262.681879
5.544645,262.408563
5.536787,262.136543
5.528932,261.864626
5.521079,261.592783
5.309202,257.772644
5.283708,257.552005
5.256682,257.332404
5.228043,257.113098
5.197966,256.895305
5.166282,256.677710
5.132821,256.459215
5.097748,256.240996
5.061134,256.023455
5.022801,255.805559
4.982750,255.587376
4.941176,255.369991
4.897817,255.152044
4.852592,254.933249
4.806166,254.716789
3.841721,251.292358
3.767274,251.080434
3.691294,250.869235
3.613740,250.658639
3.534194,250.447546
3.453069,250.237088
3.370378,250.027298
3.285662,249.817045
3.199359,249.607453
3.111616,249.398868
3.021889,249.190012
2.930518,248.981713
2.837724,248.774471
2.742872,248.566880
2.646390,248.359921
0.871126,245.124354
0.745438,244.927181
0.618360,244.731225
0.489533,244.535934
0.358727,244.340984
0.226487,244.147203
0.092587,243.954263
-0.043503,243.761425
-0.180852,243.570028
-0.320040,243.379262
-0.461137,243.189059
-0.603659,243.000083
-0.747841,242.812023
-0.894242,242.624178
-1.041704,242.438047
-3.631234,239.592685
-3.807087,239.424213
-3.984009,239.257457
-4.162489,239.091955
-4.342898,238.927380
-4.524505,238.764409
-4.707284,238.603061
-4.892342,238.442373
-5.078405,238.283467
-5.265972,238.125916
-5.455018,237.969747
-5.645749,237.814804
-5.837664,237.661500
-6.031880,237.508961
-6.226855,237.358412
-9.332210,235.275501
-9.519622,235.167044
-9.707287,235.060246
-9.896217,234.954529
-10.086626,234.849791
-10.277591,234.746547
-10.469798,234.644431
-10.663292,234.543433
-10.857143,234.444042
-11.051907,234.345970
-11.248221,234.248909
-11.445220,234.153298
-11.642718,234.059227
-11.841650,233.966255
-12.041971,233.874423
-15.349870,232.603424
-15.564000,232.536298
-15.778154,232.470924
-15.993759,232.406873
-16.210126,232.344363
-16.426935,232.283492
-16.645079,232.224019
-16.863287,232.166297
-17.082239,232.110144
-17.302812,232.055354
-17.523221,232.002379
-17.743565,231.951182
-17.963631,231.901801
-18.183848,231.854127
-18.403833,231.808235
-22.015297,231.285891
-22.267174,231.259094
-22.518662,231.232339
-22.769428,231.205660
-23.019965,231.179006
-23.269443,231.152464
-23.518794,231.125936
-23.767388,231.099489
-24.057069,231.068670
-24.345808,231.037951
-24.633670,231.007326
-24.921051,230.976752
-25.207656,230.946261
-25.493445,230.915856
-25.778483,230.885531
-30.243333,230.410522
-30.516934,230.381414
-30.788652,230.352506
-31.060172,230.323620
-31.330817,230.294826
-31.601160,230.266065
-31.870256,230.237436
-32.139590,230.208782
-32.406961,230.180336
-32.674177,230.151908
-32.940630,230.123560
-33.206757,230.095247
-33.471373,230.067095
-33.735722,230.038971
-33.999461,230.010913
-38.120058,229.572528
-38.371401,229.545788
-38.622265,229.519099
-38.872703,229.492455
-39.121699,229.465965
-39.370277,229.439519
-39.653710,229.409365
-39.935801,229.379354
-40.217418,229.349393
-40.497700,229.319574
-40.777180,229.289840
-41.055727,229.260206
-41.333775,229.230625
-41.610154,229.201222
-41.885797,229.171896
-46.189341,228.714048
-46.456879,228.685585
-46.724413,228.657123
-46.993257,228.628521
-47.261938,228.599936
-47.532370,228.571165
-47.802612,228.542415
-48.073578,228.513587
-48.345829,228.484622
-48.617149,228.455757
-48.890386,228.426688
-49.163249,228.397658
-49.436818,228.368554
-49.711550,228.339325
-49.986262,228.310099
-54.441797,227.836081
-54.724490,227.806006
-55.006948,227.775955
-55.290219,227.745818
-55.538880,227.719364
-55.822949,227.689142
-56.072822,227.662558
-56.322376,227.636009
-56.572136,227.609437
-56.823065,227.582741
-57.073677,227.556079
-57.324622,227.529381
-57.576718,227.502561
-57.828280,227.475798
-58.080873,227.448925
-62.184543,227.012341
-62.445575,226.984570
-62.706219,226.956841
-62.968055,226.928984
-63.230299,226.901084
-63.492295,226.873211
-63.755756,226.845182
-64.019063,226.817169
-64.282215,226.789173
-64.546691,226.761035
-64.810713,226.732946
-65.075772,226.704747
-65.340249,226.676610
-65.605059,226.648437
-65.870956,226.620149
-70.180444,226.161668
-70.452543,226.132720
-70.725866,226.103641
-70.999068,226.074576
-71.272305,226.045507
-71.545450,226.016447
-71.820075,225.987230
-72.094241,225.958062
-72.369311,225.928798
-72.644959,225.899472
-72.920051,225.870205
-73.196092,225.840837
-73.472947,225.811383
-73.749200,225.781993
-74.024684,225.752685
-78.453535,225.281505
-78.732919,225.251782
-79.013805,225.221899
-79.294618,225.192024
-79.575322,225.162160
-79.857096,225.132183
-80.139327,225.102156
-80.420547,225.072238
-80.703671,225.042117
-80.986282,225.012050
-81.269422,224.981927
-81.553134,224.951743
-81.837134,224.921529
-82.121604,224.891265
-82.407016,224.860900
-87.061133,224.362098
-87.383048,224.322107
-87.704148,224.279557
-88.023820,224.234550
-88.342525,224.187040
-88.659951,224.137094
-88.976215,224.084713
-89.291069,224.029958
-89.604851,223.972793
-89.917001,223.913340
-90.228187,223.851493
-90.538035,223.787342
-90.846530,223.720912
-91.153487,223.652265
-91.459424,223.581304
-96.334013,222.095088
-96.635031,221.980386
-96.936436,221.862728
-97.237188,221.742496
-97.536764,221.619897
-97.836511,221.494367
-98.135352,221.366337
-98.433066,221.235901
-98.731187,221.102368
-99.027654,220.966644
-99.324269,220.827896
-99.619702,220.686725
-99.914196,220.543015
-100.208757,220.396250
-100.502672,220.246757
-104.787383,217.693670
-105.036600,217.521752
-105.282097,217.349640
-105.526876,217.175264
-105.769523,216.999632
-106.010485,216.822442
-106.249722,216.643736
-106.487075,216.463650
-106.722949,216.281886
-106.956136,216.099403
-107.188081,215.915093
-107.418069,215.729529
-107.646429,215.542463
-107.872252,215.354665
-108.096687,215.165202
-111.492056,211.912681
-111.692328,211.695123
-111.891447,211.475563
-112.089421,211.253966
-112.285551,211.031107
-112.479822,210.807013
-112.672751,210.581082
-112.864702,210.352864
-113.054393,210.123874
-113.242172,209.893714
-113.428817,209.661421
-113.614130,209.427211
-113.797362,209.192027
-113.978706,208.955635
-114.158494,208.717600
-116.801575,204.707516
-116.951291,204.445164
-117.099315,204.181136
-117.245865,203.915001
-117.390644,203.647264
-117.532891,203.379335
-117.673897,203.108773
-117.812836,202.837114
-117.949349,202.565078
-118.083535,202.292501
-118.215308,202.019592
-118.329660,201.780101
-118.443793,201.541066
-118.557510,201.302904
-118.671048,201.065116
-120.500360,197.233910
-120.615972,196.991777
-120.731504,196.749815
-120.847284,196.507331
-120.963329,196.264293
-121.079261,196.021492
-121.195371,195.778318
-121.312219,195.533599
-121.429001,195.289016
-121.545005,195.046063
-121.661951,194.801140
-121.778881,194.556247
-121.895766,194.311451
-122.013047,194.065824
-122.130529,193.819777
-124.023956,189.854291
-124.140844,189.609486
-124.259193,189.361623
-124.379919,189.108782
-124.501825,188.853469
-124.625344,188.594778
-124.749828,188.334065
-124.874669,188.072607
-124.999816,187.810504
-125.125196,187.547916
-125.251333,187.283742
-125.377074,187.020398
-125.502023,186.758711
-125.627900,186.495081
-125.753896,186.231203
-127.780570,181.986652
-127.908279,181.719185
-128.036097,181.451491
-128.164281,181.183031
-128.291947,180.915653
-128.420364,180.646704
-128.548472,180.378402
-128.676763,180.109716
-128.805334,179.840446
-128.934133,179.570696
-129.062752,179.301323
-129.191359,179.031975
-129.320292,178.761946
-129.449311,178.491737
-129.578249,178.221696
-131.653628,173.875141
-131.784008,173.602081
-131.914678,173.328412
-132.045497,173.054432
-132.175854,172.781419
-132.306928,172.506906
-132.437709,172.233007
-132.568824,171.958406
-132.699701,171.684305
-132.831136,171.409035
-132.962467,171.133983
-133.093826,170.858871
-133.225157,170.583820
-133.356970,170.307758
-133.488714,170.031840
-135.602367,165.605125
-135.723421,165.349422
-135.837669,165.113330
-135.954234,164.877766
-136.071997,164.644878
-136.192607,164.411396
-136.313778,164.181721
-136.437630,163.951779
-136.562836,163.724043
-136.690323,163.496809
-136.819104,163.271824
-136.949993,163.047635
-137.082400,162.825247
-137.216737,162.603946
-137.352628,162.384341
-139.751147,159.067724
-139.915152,158.872233
-140.081763,158.677000
-140.249403,158.483884
-140.418283,158.292627
-140.590036,158.101412
-140.762324,157.912834
-140.937302,157.724516
-141.112978,157.538635
-141.290888,157.353567
-141.470659,157.169704
-141.652835,156.986509
-141.834772,156.806639
-142.019175,156.627405
-142.205412,156.449440
-145.396300,153.815251
-145.608706,153.664417
-145.822322,153.515459
-146.037091,153.368434
-146.253622,153.222925
-146.471811,153.079007
-146.690954,152.937150
-146.911254,152.797231
-147.132984,152.659075
-147.356378,152.522538
-147.581158,152.387799
-147.806538,152.255337
-148.033411,152.124633
-148.261861,151.995634
-148.491540,151.868538
-152.321661,150.105228
-152.569646,150.012598
-152.819287,149.921835
-153.069820,149.833219
-153.320975,149.746844
-153.573738,149.662399
-153.826883,149.580290
-154.081848,149.500051
-154.336278,149.422435
-154.592214,149.346821
-154.848615,149.273518
-155.106369,149.202268
-155.364403,149.133383
-155.624181,149.066491
-155.883787,149.002079
-159.533010,148.346961
-159.747186,148.322674
-159.961605,148.299904
-160.176377,148.278643
-160.389698,148.259056
-160.603240,148.240971
-160.870572,148.220475
-161.137877,148.202359
-161.405598,148.186595
-161.672371,148.173253
-161.937924,148.162316
-162.204914,148.153672
-162.470232,148.147419
-162.736254,148.143485
-163.001378,148.141892
-167.241663,148.433072
-167.545072,148.477499
-167.850197,148.521443
-168.156102,148.565494
-168.460618,148.609344
-168.765216,148.653206
-169.069721,148.697055
-169.373531,148.740804
-169.678127,148.784666
-169.983665,148.828664
-170.288350,148.872539
-170.592958,148.916402
-170.897957,148.960322
-171.204584,149.004477
-171.509836,149.048433
-176.365190,149.747607
-176.673887,149.792060
-176.982610,149.836516
-177.290493,149.880851
-177.598333,149.925180
-177.905345,149.969390
-178.212400,150.013606
-178.519635,150.057848
-178.825217,150.101852
-179.131471,150.145953
-179.436642,150.189898
-179.741388,150.233782
-180.046692,150.277745
-180.350428,150.321484
-180.654929,150.365332
-185.466870,151.058254
-185.762818,151.100871
-186.059850,151.143644
-186.356518,151.186364
-186.653683,151.229156
-186.948777,151.271650
-187.244283,151.314203
-187.539530,151.356719
-187.834176,151.399148
-188.128574,151.441541
-188.422766,151.483905
-188.716270,151.526170
-189.010084,151.568479
-189.302410,151.610574
-189.594840,151.652684
-194.223099,152.319156
-194.509184,152.360353
-194.795344,152.401560
-195.080074,152.442561
-195.365370,152.483644
-195.649318,152.524533
-195.934356,152.565578
-196.217452,152.606344
-196.500792,152.647146
-196.783861,152.687908
-197.066499,152.728608
-197.350252,152.769468
-197.630579,152.809836
-197.913237,152.850539
-198.193427,152.890886
-202.646341,153.532108
-202.923236,153.571981
-203.200645,153.611928
-203.478756,153.651977
-203.756838,153.692020
-204.034595,153.732018
-204.312996,153.772108
-204.591928,153.812274
-204.870707,153.852418
-205.149479,153.892562
-205.429011,153.932814
-205.708734,153.973095
-205.988248,154.013345
-206.267969,154.053625
-206.548455,154.094015
-211.062754,154.744077
-211.346039,154.784870
-211.630258,154.825798
-211.914122,154.866674
-212.199613,154.907785
-212.483820,154.948711
-212.768839,154.989754
-213.054622,155.030907
-213.341954,155.072283
-213.626013,155.113187
-213.912515,155.154444
-214.198591,155.195639
-214.485313,155.236927
-214.771357,155.278118
-215.057304,155.319294
-219.560190,155.967712
-219.815243,156.004440
-220.072958,156.041551
-220.330615,156.078654
-220.588768,156.115828
-220.847458,156.153080
-221.107662,156.190549
-221.369259,156.228219
-221.630038,156.265772
-221.890319,156.303252
-222.151675,156.340888
-222.413306,156.378563
-222.674854,156.416226
-222.936302,156.453875
-223.197723,156.491519
-227.404186,157.097252
-227.668150,157.135263
-227.931873,157.173240
-228.195544,157.211208
-228.460487,157.249360
-228.725215,157.287481
-228.989717,157.325570
-229.253654,157.363577
-229.518829,157.401762
-229.784093,157.439960
-230.049424,157.478168
-230.314153,157.516289
-230.579507,157.554501
-230.845834,157.592852
-231.111682,157.631134
-235.383317,158.246252
-235.651628,158.284889
-235.920759,158.323644
-236.189410,158.362330
-236.458213,158.401038
-236.726074,158.439610
-236.995289,158.478377
-237.266003,158.517360
-237.534337,158.556000
-237.802949,158.594680
-238.072122,158.633442
-238.342278,158.672344
-238.613131,158.711347
-238.881962,158.750059
-239.153064,158.789098
-243.483311,159.412656
-243.755288,159.451821
-244.027289,159.490989
-244.298725,159.530076
-244.570604,159.569227
-244.842152,159.608330
-245.115190,159.647647
-245.386791,159.686758
-245.660740,159.726207
-245.932493,159.765340
-246.203994,159.804436
-246.476742,159.843712
-246.750287,159.883102
-247.024190,159.922545
-247.296163,159.961709
-251.680923,160.593117
-251.956392,160.632784
-252.232722,160.672576
-252.508990,160.712359
-252.782881,160.751799
-253.058266,160.791455
-253.334549,160.831240
-253.611012,160.871051
-253.887686,160.910892
-254.162639,160.950485
-254.439419,160.990342
-254.717618,161.030403
-254.993441,161.070121
-255.269763,161.109912
-255.548431,161.150040
-260.003933,161.791635
-260.284288,161.832006
-260.565237,161.872463
-260.845694,161.912849
-261.127417,161.953418
-261.407348,161.993728
-261.688606,162.034229
-261.970131,162.074769
-262.250700,162.115171
-262.531989,162.155677
-262.813763,162.196252
-263.096084,162.236907
-263.378512,162.277577
-263.658562,162.317904
-263.940726,162.358536
-268.463283,163.009787
-268.747492,163.050713
-269.032048,163.091689
-269.314138,163.132310
-269.597943,163.173178
-269.881809,163.214055
-270.166153,163.255001
-270.450345,163.295925
-270.734752,163.336879
-271.018912,163.377799
-271.303160,163.418730
-271.588013,163.459750
-271.873081,163.500799
-272.157542,163.541762
-272.442024,163.582728
-277.014407,164.241153
-277.300076,164.282290
-277.587579,164.323691
-277.874057,164.364944
-278.161117,164.406280
-278.448409,164.447651
-278.735758,164.489029
-279.024255,164.530573
-279.311537,164.571941
-279.598374,164.613246
-279.885033,164.654525
-280.172610,164.695936
-280.465696,164.738771
-280.788734,164.785274
-281.114633,164.829051
-286.324037,165.165788
-286.648629,165.164388
-286.971875,165.160393
-287.295282,165.153799
-287.618327,165.144617
-287.940997,165.132856
-288.264249,165.118476
-288.585264,165.101613
-288.907798,165.082083
-289.231906,165.059846
-289.553412,165.035202
-289.874965,165.007964
-290.196531,164.978125
-290.518764,164.945609
-290.840258,164.910562
-295.944723,163.997970
-296.260431,163.918937
-296.575627,163.837335
-296.890736,163.753031
-297.203676,163.666589
-297.516112,163.577565
-297.828550,163.485814
-298.141436,163.391186
-298.452010,163.294509
-298.761961,163.195274
-299.071511,163.093394
-299.381918,162.988441
-299.689599,162.881631
-299.996586,162.772281
-300.302847,162.660389
-305.080889,160.531092
-305.370533,160.377274
-305.659208,160.220947
-305.947090,160.062008
-306.234227,159.900423
-306.518927,159.737135
-306.802812,159.571220
-307.085168,159.403093
-307.367086,159.232100
-307.647213,159.059061
-307.925860,158.883775
-308.203000,158.706257
-308.479248,158.526108
-308.754300,158.343519
-309.027775,158.158747
-313.191300,154.901610
-313.437373,154.679840
-313.681753,154.455929
-313.923854,154.230418
-314.165165,154.001899
-314.403111,153.772831
-314.640818,153.540215
-314.876087,153.306166
-315.109176,153.070437
-315.339869,152.833259
-315.569472,152.593283
-315.797944,152.350521
-316.023267,152.107129
-316.246588,151.861884
-316.468136,151.614524
-319.731210,147.412835
-319.916892,147.135647
-320.100021,146.857306
-320.280855,146.577452
-320.459886,146.295313
-320.636763,146.011406
-320.810556,145.727231
-320.982166,145.441334
-321.151638,145.153626
-321.319090,144.863896
-321.483927,144.573173
-321.646618,144.280615
-321.806564,143.987287
-321.964169,143.692449
-322.119988,143.395048
-324.267447,138.480801
-324.380084,138.163717
-324.489968,137.846039
-324.597540,137.526433
-324.701941,137.207465
-324.803540,136.888074
-324.903245,136.565362
-324.999818,136.243300
-325.094325,135.918299
-325.185112,135.596065
-325.274026,135.270079
-325.359843,134.944777
-325.443425,134.616904
-325.523864,134.289959
-325.601654,133.961996
-326.472444,128.622081
-326.503194,128.282706
-326.531014,127.943948
-326.555925,127.605896
-326.578052,127.266792
-326.597406,126.925861
-326.613749,126.587437
-326.627289,126.247960
-326.638006,125.907493
-326.645847,125.567171
-326.650813,125.227008
-326.652903,124.886703
-326.652124,124.545887
-326.648471,124.204706
-326.641905,123.862078
-326.144997,118.423077
-326.089634,118.086449
-326.031197,117.749034
-325.969447,117.409662
-325.905425,117.074001
-325.838280,116.737467
-325.768306,116.401676
-325.695252,116.065480
-325.619530,115.730747
-325.540770,115.395803
-325.459232,115.061835
-325.374718,114.728063
-325.287459,114.395418
-325.197414,114.063674
-325.104339,113.731942
-323.229229,108.534653
-323.087998,108.217524
-322.945339,107.904439
-322.799206,107.590877
-322.650084,107.277930
-322.497880,106.965436
-322.343262,106.654792
-322.186426,106.346360
-322.026798,106.039006
-321.864206,105.732407
-321.698389,105.426114
-321.530615,105.122455
-321.360037,104.819897
-321.186710,104.518572
-321.010647,104.218491
-317.868178,99.659653
-317.653381,99.392093
-317.436250,99.126289
-317.216236,98.861589
-316.994157,98.598993
-316.771762,98.340511
-316.546476,98.083107
-316.318368,97.826900
-316.088951,97.573587
-315.858052,97.322935
-315.624981,97.074177
-315.388836,96.826374
-315.151843,96.581864
-314.913667,96.340242
-314.672955,96.100123
-310.560329,92.546868
-310.286732,92.342757
-310.011773,92.141212
-309.735946,91.942584
-309.458127,91.746057
-309.179015,91.552130
-308.896478,91.359345
-308.613985,91.170064
-308.329004,90.982565
-308.041926,90.797148
-307.754968,90.615227
-307.465941,90.435392
-307.175681,90.258174
-306.883641,90.083236
-306.588603,89.909867
-301.732302,87.504895
-301.420707,87.377396
-301.108752,87.252776
-300.794669,87.130335
-300.481711,87.011329
-300.167302,86.894753
-299.852146,86.780871
-299.535164,86.669302
-299.218717,86.560872
-298.902788,86.455536
-298.585195,86.352555
-298.265865,86.251929
-297.947371,86.154460
-297.628915,86.059871
-297.309198,85.967770
-292.228755,84.873713
-291.943551,84.828033
-291.660534,84.782703
-291.376779,84.737255
-291.093514,84.691884
-290.809359,84.646372
-290.525835,84.600960
-290.242365,84.555557
-289.958133,84.510032
-289.673619,84.464462
-289.389830,84.419008
-289.106853,84.373684
-288.822422,84.328127
-288.537784,84.282537
-288.253231,84.236961
-283.692293,83.506443
-283.407647,83.460852
-283.122638,83.415202
-282.836261,83.369334
-282.550237,83.323522
-282.264528,83.277760
-281.978268,83.231911
-281.690785,83.185865
-281.404941,83.140082
-281.120310,83.094493
-280.833327,83.048527
-280.545627,83.002447
-280.260381,82.956759
-279.974114,82.910909
-279.687484,82.865000
-275.082332,82.127400
-274.791073,82.080750
-274.502902,82.034594
-274.215378,81.988542
-273.926716,81.942307
-273.636967,81.895898
-273.347334,81.849508
-273.058268,81.803209
-272.768938,81.756868
-272.479639,81.710531
-272.190258,81.664181
-271.899815,81.617662
-271.608694,81.571033
-271.318754,81.524594
-271.028879,81.478165
-266.370808,80.732090
-266.079251,80.685392
-265.786884,80.638564
-265.494760,80.591775
-265.202118,80.544903
-264.910096,80.498130
-264.617024,80.451189
-264.323917,80.404243
-264.031595,80.357422
-263.738720,80.310513
-263.445469,80.263543
-263.151869,80.216518
-262.856561,80.169219
-262.565211,80.122554
-262.271525,80.075515
-257.555945,79.320228
-257.259071,79.272678
-256.963532,79.225342
-256.669000,79.178167
-256.373305,79.130806
-256.077124,79.083368
-255.780798,79.035906
-255.484663,78.988474
-255.188821,78.941090
-254.892054,78.893557
-254.596918,78.846285
-254.300267,78.798771
-254.002861,78.751136
-253.706549,78.703677
-253.410539,78.656265
-248.681096,77.898758
-248.387576,77.851746
-248.094196,77.804755
-247.800155,77.757659
-247.507547,77.710793
-247.215748,77.664056
-246.958160,77.624061
-246.707384,77.582328
-246.457387,77.538522
-246.207585,77.492596
-245.958697,77.444687
-245.709728,77.394607
-245.462161,77.342658
-245.215583,77.288774
-244.969224,77.232790
-241.130954,76.072395
-240.897349,75.983479
-240.663428,75.892243
-240.432016,75.799790
-240.200850,75.705229
-239.969862,75.608509
-239.739316,75.509736
-239.510811,75.409611
-239.282100,75.307161
-239.053385,75.202436
-238.827393,75.096694
-238.602210,74.989065
-238.377116,74.879196
-238.152130,74.767078
-237.927966,74.653064
-234.489288,72.589064
-234.284807,72.445958
-234.080412,72.300388
-233.877631,72.153431
-233.675682,72.004530
-233.475621,71.854478
-233.276490,71.702549
-233.078387,71.548804
-232.881905,71.393707
-232.687306,71.237481
-232.493492,71.079241
-232.300177,70.918739
-232.108600,70.757000
-231.918919,70.594182
-231.730265,70.429530
-228.899479,67.586085
-228.734695,67.395579
-228.571971,67.204278
-228.411308,67.012213
-228.252059,66.818618
-228.094561,66.623904
-227.938264,66.427383
-227.784730,66.231038
-227.632494,66.033027
-227.481493,65.833244
-227.332850,65.633181
-227.186291,65.432511
-227.041151,65.230335
-226.897174,65.026259
-226.755242,64.821534
-224.711602,61.384547
-224.598676,61.160382
-224.487816,60.935725
-224.378726,60.709985
-224.271146,60.482598
-224.166595,60.256820
-224.063467,60.029239
-223.962313,59.801050
-223.862750,59.571372
-223.765873,59.342765
-223.670679,59.112920
-223.577307,58.882148
-223.485647,58.650156
-223.396615,58.419309
-223.309294,58.187287
-222.179507,54.415779
-222.125661,54.177446
-222.073776,53.938885
-222.023851,53.700118
-221.975887,53.461177
-221.929919,53.222264
-221.885733,52.982260
-221.843739,52.743425
-221.803600,52.503940
-221.765343,52.263934
-221.729163,52.024671
-221.694867,51.784967
-221.662509,51.545197
-221.632073,51.305259
-221.603536,51.064983
-221.407856,47.238485
-221.411665,47.000031
-221.417305,46.763201
-221.424826,46.525700
-221.434231,46.287537
-221.445493,46.049493
-221.458625,45.811411
-221.473599,45.573853
-221.490447,45.336359
-221.509264,45.097636
-221.529861,44.860111
-221.552359,44.622280
-221.576711,44.384817
-221.602999,44.146969
-221.631138,43.909478
-222.337470,40.135309
-222.397553,39.902059
-222.459607,39.668833
-222.523273,39.436969
-222.588541,39.206430
-222.655731,38.976054
-222.724895,38.745701
-222.795584,38.516860
-222.867853,38.289285
-222.942196,38.061427
-223.018455,37.833790
-223.096833,37.605801
-223.176404,37.380157
-223.257933,37.154648
-223.341851,36.928176
-224.914643,33.425100
-225.028354,33.211471
-225.142343,33.001357
-225.258731,32.790817
-225.377591,32.579769
-225.496921,32.371751
-225.618496,32.163636
-225.741604,31.956686
-225.866432,31.750593
-225.993351,31.544752
-226.121388,31.340730
-226.251419,31.137121
-226.382773,30.935000
-226.516202,30.733221
-226.650608,30.533437
-229.025979,27.471959
-229.187785,27.290265
-229.351495,27.109368
-229.515932,26.930574
-229.681853,26.753043
-229.849700,26.576303
-230.019079,26.400775
-230.189863,26.226603
-230.361815,26.054032
-230.536122,25.881897
-230.710499,25.712434
-230.887317,25.543323
-231.065208,25.375892
-231.244383,25.209950
-231.425396,25.045000
-234.498328,22.607848
-234.701353,22.468361
-234.905639,22.330418
-235.110876,22.194235
-235.317111,22.059784
-235.524528,21.926953
-235.733272,21.795641
-235.943722,21.665620
-236.154791,21.537564
-236.366739,21.411318
-236.579929,21.286675
-236.794583,21.163501
-237.010296,21.042031
-237.226901,20.922364
-237.444196,20.804613
-241.056873,19.159599
-241.289436,19.072601
-241.522546,18.987561
-241.756046,18.904532
-241.989839,18.823538
-242.224339,18.744432
-242.459548,18.667218
-242.695365,18.591928
-242.932082,18.518463
-243.169683,18.446830
-243.407557,18.377226
-243.645799,18.309617
-243.884186,18.244060
-244.123449,18.180359
-244.363505,18.118534
-248.266033,17.397169
-248.513887,17.368931
-248.761289,17.342784
-249.010211,17.318534
-249.257925,17.296454
-249.504734,17.276485
-249.752295,17.258485
-250.000317,17.242487
-250.248366,17.228523
-250.495726,17.216622
-250.742050,17.206779
-250.989156,17.198913
-251.237581,17.193031
-251.483296,17.189215
-251.729618,17.187384
-256.187534,17.279376
-256.472704,17.285836
-256.758726,17.292316
-257.044414,17.298788
-257.329419,17.305245
-257.614298,17.311698
-257.900105,17.318173
-258.186849,17.324669
-258.472281,17.331136
-258.758306,17.337615
-259.044003,17.344088
-259.329725,17.350560
-259.616060,17.357047
-259.903515,17.363559
-260.190574,17.370063
-264.794903,17.474371
-265.084401,17.480930
-265.373601,17.487482
-265.662903,17.494036
-265.952773,17.500602
-266.242760,17.507172
-266.532822,17.513743
-266.822675,17.520310
-267.112927,17.526885
-267.404330,17.533487
-267.694585,17.540062
-267.985072,17.546643
-268.275811,17.553230
-268.566777,17.559821
-268.858581,17.566432
-273.532790,17.672324
-273.825538,17.678956
-274.118784,17.685599
-274.413018,17.692265
-274.706048,17.698903
-274.999949,17.705562
-275.293167,17.712204
-275.587220,17.718866
-275.881505,17.725533
-276.175669,17.732197
-276.469581,17.738855
-276.763727,17.745519
-277.058291,17.752192
-277.353179,17.758873
-277.647871,17.765549
-282.379507,17.872742
-282.676554,17.879471
-282.973725,17.886204
-283.270766,17.892933
-283.567499,17.899655
-283.864154,17.906376
-284.161820,17.913119
-284.459609,17.919866
-284.757127,17.926606
-285.054478,17.933342
-285.352068,17.940084
-285.650195,17.946838
-285.948495,17.953596
-286.246558,17.960348
-286.544306,17.967093
-291.332042,18.075557
-291.633052,18.082376
-291.933627,18.089186
-292.233938,18.095989
-292.533512,18.102776
-292.833273,18.109567
-293.133602,18.116371
-293.434925,18.123197
-293.735278,18.130001
-294.036214,18.136819
-294.335987,18.143610
-294.636139,18.150410
-294.937361,18.157234
-295.240233,18.164095
-295.539904,18.170884
-300.321641,18.279212
-300.618265,18.285932
-300.914719,18.292648
-301.211355,18.299368
-301.508222,18.306093
-301.802194,18.312753
-302.097806,18.319450
-302.393150,18.326141
-302.688102,18.332823
-302.983980,18.339526
-303.276975,18.346164
-303.571103,18.352827
-303.865424,18.359495
-304.159058,18.366147
-304.451935,18.372782
-309.110835,18.478327
-309.400288,18.484884
-309.690712,18.491464
-309.977913,18.497970
-310.265791,18.504492
-310.554269,18.511027
-310.841825,18.517542
-311.129445,18.524058
-311.416681,18.530565
-311.704803,18.537092
-311.993318,18.543628
-312.283020,18.550191
-312.570057,18.556694
-312.859172,18.563244
-313.149351,18.569817
-317.785626,18.674850
-318.076357,18.681436
-318.366427,18.688008
-318.656619,18.694582
-318.946520,18.701149
-319.236808,18.707726
-319.525723,18.714271
-319.815279,18.720831
-320.104166,18.727375
-320.393123,18.733922
-320.681051,18.740444
-320.969204,18.746972
-321.257158,18.753496
-321.544881,18.760014
-321.832775,18.766536
-326.461541,18.871399
-326.752855,18.877998
-327.043043,18.884572
-327.333383,18.891150
-327.623940,18.897732
-327.915641,18.904340
-328.206929,18.910939
-328.497635,18.917525
-328.788396,18.924112
-329.079288,18.930702
-329.370988,18.937311
-329.662719,18.943920
-329.953917,18.950517
-330.245717,18.957127
-330.536702,18.963719
-335.187369,19.069078
-335.476549,19.075629
-335.764310,19.082148
-336.052762,19.088683
-336.340583,19.095203
-336.627649,19.101707
-336.914925,19.108215
-337.202415,19.114728
-337.489219,19.121225
-337.775768,19.127717
-338.061319,19.134186
-338.348474,19.140691
-338.633974,19.147159
-338.919514,19.153628
-339.204114,19.160075
-343.733809,19.262693
-344.014756,19.269058
-344.295875,19.275427
-344.600552,19.283366
-344.919339,19.288937
-345.238241,19.291895
-345.556794,19.292324
-345.876204,19.290226
-346.193245,19.285634
-346.511481,19.278515
-346.828459,19.268920
-347.145327,19.256830
-347.461902,19.242254
-347.778242,19.225193
-348.093931,19.205677
-353.072345,18.564625
-353.377799,18.504508
-353.682687,18.442050
-353.986810,18.377295
-354.290216,18.310239
-354.592804,18.240910
-354.894336,18.169372
-355.195137,18.095557
-355.495635,18.019359
-355.794754,17.941056
-356.092507,17.860663
-356.390204,17.777830
-356.686801,17.692845
-356.982260,17.605731
-357.276273,17.516595
-361.847858,15.801545
-362.123883,15.677153
-362.399455,15.550459
-362.673717,15.421854
-362.945261,15.292027
-363.217331,15.159432
-363.486959,15.025512
-363.755362,14.889688
-364.022839,14.751809
-364.289443,14.611845
-364.554288,14.470268
-364.817881,14.326820
-365.079722,14.181785
-365.340724,14.034664
-365.600644,13.885590
-369.561147,11.270861
-369.797174,11.092826
-370.029678,10.914761
-370.261662,10.734394
-370.493226,10.551618
-370.721381,10.368809
-370.948292,10.184270
-371.175142,9.997017
-371.398571,9.809831
-371.621849,9.619994
-371.841586,9.430399
-372.061326,9.238010
-372.279263,9.044387
-372.495042,8.849866
-372.709619,8.653596
-375.915661,5.340051
-376.148122,5.067979
-376.331575,4.849754
-376.513505,4.630195
-376.739578,4.352878
-376.961057,4.076222
-377.180886,3.796599
-377.397443,3.516068
-377.611696,3.233399
-377.822843,2.949666
-378.031578,2.663954
-378.237294,2.377110
-378.440438,2.088531
-378.641469,1.797552
-378.838368,1.507134
-381.613380,-3.316060
-381.762656,-3.626303
-381.909161,-3.937589
-382.052661,-4.249389
-382.193528,-4.562491
-382.331323,-4.875890
-382.466453,-5.190482
-382.598548,-5.505379
-382.727989,-5.821461
-382.854432,-6.137863
-382.978149,-6.455236
-383.098836,-6.772759
-383.216872,-7.091403
-383.331906,-7.410192
-383.444224,-7.729884
-384.856524,-12.895807
-384.921030,-13.220767
-384.982840,-13.546188
-385.041741,-13.870873
-385.098028,-14.196369
-385.151442,-14.521133
-385.202244,-14.846678
-385.250194,-15.171400
-385.295455,-15.496277
-385.338017,-15.821190
-385.378003,-16.147097
-385.415080,-16.471159
-385.449544,-16.795742
-385.481337,-17.120277
-385.510445,-17.444531
-385.619866,-22.590264
-385.605803,-22.878658
-385.592627,-23.157379
-385.579489,-23.435421
-385.566357,-23.713336
-385.553255,-23.990603
-385.540156,-24.267809
-385.527087,-24.544383
-385.514006,-24.821200
-385.500919,-25.098154
-385.487795,-25.375897
-385.474688,-25.653283
-385.461589,-25.930479
-385.448455,-26.208433
-385.435289,-26.487049
-385.223694,-30.964948
-385.210404,-31.246186
-385.197073,-31.528304
-385.183718,-31.810940
-385.170369,-32.093440
-385.157038,-32.375545
-385.143664,-32.658578
-385.130268,-32.942075
-385.116884,-33.225317
-385.103507,-33.508392
-385.090077,-33.792623
-385.076641,-34.076958
-385.063221,-34.360943
-385.049802,-34.644941
-385.036343,-34.929749
-384.819963,-39.508914
-384.806360,-39.796788
-384.792761,-40.084573
-384.779129,-40.373051
-384.765475,-40.662017
-384.751835,-40.950672
-384.738194,-41.239342
-384.724516,-41.528809
-384.710829,-41.818455
-384.697153,-42.107879
-384.683456,-42.397740
-384.669727,-42.688275
-384.656000,-42.978769
-384.642296,-43.268778
-384.628573,-43.559199
-384.407377,-48.240255
-384.393467,-48.534628
-384.379544,-48.829292
-384.365659,-49.123118
-384.351709,-49.418349
-384.337753,-49.713676
-384.323819,-50.008554
-384.309878,-50.303594
-384.295904,-50.599310
-384.281920,-50.895258
-384.267922,-51.191487
-384.253955,-51.487063
-384.239926,-51.783954
-384.225895,-52.080879
-384.211870,-52.377692
-383.985974,-57.158216
-383.971744,-57.459361
-383.957506,-57.760669
-383.943304,-58.061221
-383.929058,-58.362698
-383.914786,-58.664728
-383.900524,-58.966548
-383.886252,-59.268588
-383.871945,-59.571366
-383.857629,-59.874323
-383.843338,-60.176744
-383.829062,-60.478876
-383.814804,-60.780594
-383.800565,-61.081941
-383.786342,-61.382935
-383.561278,-66.145850
-383.547362,-66.440350
-383.533470,-66.734345
-383.519594,-67.027992
-383.505736,-67.321270
-383.491896,-67.614148
-383.478071,-67.906730
-383.464268,-68.198827
-383.450481,-68.490602
-383.436725,-68.781718
-383.422964,-69.072918
-383.409243,-69.363294
-383.395524,-69.653630
-383.381833,-69.943356
-383.368151,-70.232902
-383.151775,-74.811979
-383.138392,-75.095195
-383.125052,-75.377503
-383.111716,-75.659713
-383.098400,-75.941515
-383.085089,-76.223213
-383.071810,-76.504238
-383.058549,-76.784860
-383.045305,-77.065151
-383.032078,-77.345067
-383.018869,-77.624591
-383.005687,-77.903551
-382.992506,-78.182504
-382.979352,-78.460873
-382.966215,-78.738881
-382.758473,-83.135230
-382.745649,-83.406629
-382.732828,-83.677950
-382.720040,-83.948574
-382.707255,-84.219129
-382.694502,-84.489017
-382.681760,-84.758662
-382.669037,-85.027922
-382.656323,-85.296992
-382.643643,-85.565325
-382.630941,-85.834123
-382.618310,-86.101429
-382.605678,-86.368750
-382.593062,-86.635754
-382.580469,-86.902250
-382.381276,-91.117667
-382.369012,-91.377199
-382.356742,-91.636879
-382.344482,-91.896319
-382.332238,-92.155442
-382.319993,-92.414576
-382.307715,-92.674404
-382.295420,-92.934603
-382.283138,-93.194514
-382.270824,-93.455108
-382.258479,-93.716368
-382.246143,-93.977420
-382.233813,-94.238352
-382.221465,-94.499679
-382.209071,-94.761961
-382.009731,-98.980507
-381.997189,-99.245924
-381.984611,-99.512110
-381.972031,-99.778322
-381.959455,-100.044476
-381.946842,-100.311387
-381.934228,-100.578339
-381.921610,-100.845359
-381.908998,-101.112261
-381.896364,-101.379635
-381.883688,-101.647888
-381.871043,-101.915490
-381.858366,-102.183774
-381.845672,-102.452401
-381.832926,-102.722129
-381.628445,-107.049470
-381.615616,-107.320972
-381.602726,-107.593758
-381.589832,-107.866622
-381.576957,-108.139091
-381.564084,-108.411506
-381.551184,-108.684506
-381.538261,-108.957989
-381.525351,-109.231195
-381.512444,-109.504342
-381.499506,-109.778149
-381.486541,-110.052513
-381.473584,-110.326719
-381.460651,-110.600426
-381.447670,-110.875130
-381.238732,-115.296773
-381.225574,-115.575246
-381.212418,-115.853654
-381.199272,-116.131848
-381.186111,-116.410384
-381.172908,-116.689788
-381.159709,-116.969107
-381.146514,-117.248349
-381.133294,-117.528122
-381.120053,-117.808328
-381.106827,-118.088219
-381.093584,-118.368471
-381.080306,-118.649476
-381.067026,-118.930519
-381.053762,-119.211203
-380.778663,-123.942189
-380.746479,-124.255911
-380.711865,-124.569056
-380.674861,-124.881340
-380.635479,-125.192795
-380.593733,-125.503393
-380.549550,-125.813722
-380.503076,-126.122831
-380.454239,-126.431286
-380.403105,-126.738738
-380.349588,-127.045746
-380.293800,-127.351716
-380.235768,-127.656586
-380.175430,-127.960735
-380.112778,-128.264238
-378.814617,-132.981950
-378.715612,-133.267834
-378.614722,-133.552206
-378.511773,-133.835594
-378.406843,-134.117806
-378.299961,-134.398788
-378.191117,-134.678597
-378.080355,-134.957147
-377.967677,-135.234458
-377.853104,-135.510505
-377.736549,-135.785515
-377.618217,-136.059031
-377.498064,-136.331187
-377.376005,-136.602197
-377.252150,-136.871839
-375.034555,-141.001190
-374.881935,-141.247351
-374.727703,-141.492144
-374.572235,-141.734995
-374.415118,-141.976574
-374.256606,-142.216508
-374.096401,-142.455258
-373.934963,-142.692157
-373.771924,-142.927764
-373.607515,-143.161758
-373.441542,-143.394428
-373.274388,-143.625255
-373.071180,-143.900522
-372.866102,-144.173383
-372.659157,-144.443871
-369.102936,-148.459294
-368.866854,-148.690221
-368.629275,-148.918787
-368.390327,-149.144892
-368.150091,-149.368483
-367.908308,-149.589823
-367.665052,-149.808858
-367.420596,-150.025362
-367.174826,-150.239459
-366.927783,-150.451134
-366.679482,-150.660393
-366.429968,-150.867219
-366.179265,-151.071611
-365.927343,-151.273612
-365.674344,-151.473129
-361.490444,-154.335209
-361.221743,-154.493471
-360.952396,-154.649286
-360.682464,-154.802637
-360.411737,-154.953660
-360.140232,-155.102357
-359.868296,-155.248554
-359.595911,-155.392282
-359.322676,-155.533767
-359.049169,-155.672725
-358.774858,-155.809442
-358.500132,-155.943737
-358.225062,-156.075593
-357.949498,-156.205099
-357.673416,-156.332281
-353.216906,-158.049571
-352.936675,-158.137504
-352.656625,-158.223118
-352.376492,-158.306509
-352.096459,-158.387639
-351.816297,-158.466587
-351.535995,-158.543367
-351.255494,-158.618005
-350.975977,-158.690207
-350.696024,-158.760359
-350.415976,-158.828381
-350.136346,-158.894163
-349.856525,-158.957863
-349.577007,-159.019380
-349.297652,-159.078759
-344.133017,-159.807890
-343.814481,-159.830428
-343.496734,-159.850352
-343.179641,-159.867692
-342.862419,-159.882501
-342.547671,-159.894686
-342.232744,-159.904383
-341.918434,-159.911571
-341.604475,-159.916272
-341.292363,-159.918488
-340.980746,-159.918258
-340.669604,-159.915593
-340.359518,-159.910515
-340.049215,-159.903013
-339.741555,-159.893182
-334.928967,-159.426756
-334.630419,-159.378205
-334.334256,-159.327735
-334.036164,-159.274609
-333.738508,-159.219220
-333.441517,-159.161614
-333.143569,-159.101464
-332.844871,-159.038780
-332.548356,-158.974181
-332.250101,-158.906809
-331.952721,-158.837229
-331.655055,-158.765165
-331.356278,-158.690388
-331.060580,-158.613952
-330.763675,-158.534762
-326.053145,-156.936785
-325.766380,-156.817733
-325.481246,-156.696744
-325.197182,-156.573591
-324.916744,-156.449420
-324.636792,-156.322873
-324.358724,-156.194586
-324.081798,-156.064232
-323.803572,-155.930632
-323.528220,-155.795782
-323.253977,-155.658846
-322.981379,-155.520100
-322.708801,-155.378710
-322.436427,-155.234744
-322.166333,-155.089302
-317.977063,-152.462901
-317.733715,-152.286979
-317.492331,-152.109691
-317.252530,-151.930774
-317.015282,-151.750974
-316.780371,-151.570167
-316.546922,-151.387701
-316.315505,-151.204035
-316.061810,-150.998541
-315.809515,-150.787992
-315.560220,-150.573617
-315.314849,-150.356232
-315.073334,-150.135833
-314.835768,-149.912556
-314.601689,-149.686005
-311.159604,-145.335359
-310.979788,-145.032873
-310.805414,-144.728702
-310.636210,-144.422472
-310.472664,-144.115181
-310.314292,-143.806051
-310.161334,-143.495655
-310.013823,-143.184206
-309.871539,-142.871364
-309.734598,-142.557508
-309.603030,-142.242858
-309.476631,-141.927067
-309.355595,-141.610757
-309.239691,-141.293486
-309.129067,-140.975802
-307.951489,-136.221994
-307.896871,-135.910472
-307.844944,-135.599827
-307.795701,-135.290214
-307.749072,-134.981404
-307.705061,-134.673615
-307.665698,-134.383614
-307.629766,-134.115891
-307.593998,-133.849386
-307.558304,-133.583438
-307.522889,-133.319559
-307.487583,-133.056499
-307.452418,-132.794484
-307.417418,-132.533708
-307.382588,-132.274189
-306.837287,-128.211203
-306.803306,-127.958018
-306.769127,-127.703356
-306.734978,-127.448908
-306.700590,-127.192691
-306.666220,-126.936599
-306.631602,-126.678664
-306.597092,-126.421536
-306.562724,-126.165462
-306.528534,-125.910720
-306.494488,-125.657044
-306.460170,-125.401343
-306.424250,-125.133707
-306.389863,-124.877491
-306.353194,-124.604279
-305.802012,-120.497468
-305.768185,-120.245432
-305.734445,-119.994039
-305.700806,-119.743398
-305.667267,-119.493502
-305.633831,-119.244375
-305.600460,-118.995726
-305.567193,-118.747861
-305.529312,-118.465612
-305.491564,-118.184351
-305.453904,-117.903752
-305.420920,-117.664272
-305.386124,-117.425889
-305.349504,-117.188411
-305.311141,-116.952221
-304.473613,-113.330602
-304.408234,-113.114110
-304.341722,-112.899724
-304.273724,-112.686221
-304.204383,-112.474006
-304.133494,-112.262421
-304.061663,-112.053201
-303.988432,-111.844933
-303.926089,-111.673319
-303.861393,-111.503110
-303.794719,-111.335178
-303.725551,-111.168142
-303.654467,-111.003334
-303.581058,-110.839718
-303.505569,-110.677801
-301.852908,-108.089814
-301.732396,-107.946940
-301.610531,-107.806814
-301.486889,-107.668888
-301.362019,-107.533720
-301.235558,-107.400856
-301.107747,-107.270502
-300.978518,-107.142539
-300.848267,-107.017303
-300.716464,-106.894235
-300.583881,-106.774007
-300.450014,-106.656102
-300.314996,-106.540602
-300.164041,-106.415380
-300.011799,-106.293116
-297.470200,-104.742838
-297.307872,-104.670443
-297.128950,-104.593864
-296.950379,-104.520733
-296.771511,-104.450721
-296.593084,-104.384054
-296.404624,-104.316960
-296.190055,-104.242932
-295.976359,-104.171012
-295.762955,-104.100974
-295.551621,-104.033361
-295.340430,-103.967516
-295.130605,-103.903790
-294.921616,-103.841985
-294.713499,-103.782079
-291.129770,-102.981756
-290.876319,-102.933781
-290.622238,-102.885687
-290.366991,-102.837372
-290.110311,-102.788786
-289.852662,-102.740017
-289.592748,-102.690818
-289.333864,-102.641815
-289.072294,-102.592303
-288.810967,-102.542837
-288.547215,-102.492912
-288.284580,-102.443199
-288.023642,-102.393807
-287.764126,-102.344684
-287.506380,-102.295896
-283.819296,-101.711064
-283.604565,-101.690128
-283.373820,-101.669373
-283.144779,-101.650554
-282.913918,-101.633377
-282.682570,-101.617965
-282.467093,-101.605231
-282.250348,-101.593995
-282.033411,-101.584329
-281.814514,-101.576175
-281.594614,-101.569600
-281.374041,-101.564632
-281.151076,-101.561264
-280.927676,-101.559558
-280.702772,-101.559526
-276.968400,-101.792410
-276.705348,-101.818107
-276.442302,-101.843804
-276.176882,-101.869733
-275.913191,-101.895493
-275.651256,-101.921082
-275.391322,-101.946475
-275.125116,-101.972481
-274.856794,-101.998693
-274.590140,-102.024743
-274.339148,-102.049262
-274.079569,-102.074620
-273.814859,-102.100480
-273.548020,-102.126548
-273.280787,-102.152654
-268.922550,-102.578411
-268.646191,-102.605409
-268.368017,-102.632584
-268.089984,-102.659745
-267.810029,-102.687094
-267.561151,-102.711407
-267.311141,-102.735830
-267.060641,-102.760302
-266.809458,-102.784840
-266.557076,-102.809495
-266.305224,-102.834098
-266.051849,-102.858851
-265.798434,-102.883607
-265.546546,-102.908214
-265.294950,-102.932792
-261.205535,-103.332289
-260.944482,-103.357791
-260.683101,-103.383325
-260.421734,-103.408858
-260.158624,-103.434562
-259.896071,-103.460210
-259.631702,-103.486037
-259.367865,-103.511811
-259.103021,-103.537684
-258.837515,-103.563621
-258.572126,-103.589547
-258.305443,-103.615599
-258.038376,-103.641689
-257.770559,-103.667852
-257.501093,-103.694177
-253.113508,-104.122801
-252.833819,-104.150124
-252.552760,-104.177581
-252.271531,-104.205054
-251.988948,-104.232660
-251.706460,-104.260256
-251.422473,-104.287999
-251.138725,-104.315718
-250.889343,-104.340080
-250.639526,-104.364485
-250.389461,-104.388914
-250.138992,-104.413382
-249.888128,-104.437889
-249.636585,-104.462463
-249.383682,-104.487169
-245.288091,-104.887268
-245.031965,-104.912289
-244.776668,-104.937229
-244.521420,-104.962165
-244.262613,-104.987447
-243.995345,-105.013557
-243.716151,-105.040832
-243.426263,-105.069151
-243.171785,-105.094011
-242.912662,-105.119325
-242.650594,-105.144926
-242.386273,-105.170748
-242.121196,-105.196643
-241.855538,-105.222595
-241.588638,-105.248669
-237.294696,-105.668145
-237.001546,-105.696783
-236.748374,-105.721516
-236.487451,-105.747005
-236.220754,-105.773059
-235.946216,-105.799879
-235.664790,-105.827371
-235.378069,-105.855381
-235.086109,-105.883903
-234.790980,-105.912734
-234.491773,-105.941964
-234.190100,-105.971434
-233.886928,-106.001051
-233.581818,-106.030857
-233.278690,-106.060470
-228.394724,-106.537586
-228.087701,-106.567579
-227.780655,-106.597575
-227.473081,-106.627622
-227.167620,-106.657462
-226.861015,-106.687415
-226.556173,-106.717195
-226.250996,-106.747008
-225.946420,-106.776762
-225.641869,-106.806513
-225.337020,-106.836294
-225.030057,-106.866281
-224.719053,-106.896664
-224.466099,-106.921375
-224.208270,-106.946562
-219.625834,-107.394222
-219.354126,-107.420765
-219.078186,-107.447721
-218.802007,-107.474701
-218.520858,-107.502167
-218.240102,-107.529594
-217.955421,-107.557405
-217.669218,-107.585364
-217.381815,-107.613440
-217.092766,-107.641678
-216.802596,-107.670025
-216.512064,-107.698407
-216.220285,-107.726911
-215.928540,-107.755411
-215.635556,-107.784033
-210.984331,-108.238412
-210.696563,-108.266525
-210.405914,-108.294918
-210.118333,-108.323012
-209.829496,-108.351229
-209.540701,-108.379441
-209.251900,-108.407654
-208.963766,-108.435802
-208.675148,-108.463997
-208.387385,-108.492109
-208.099123,-108.520269
-207.811304,-108.548386
-207.523622,-108.576490
-207.236438,-108.604545
-206.948771,-108.632648
-202.372298,-109.079725
-202.087825,-109.107515
-201.800896,-109.135545
-201.516485,-109.163329
-201.232119,-109.191109
-200.950441,-109.218626
-200.665057,-109.246505
-200.382705,-109.274088
-200.098731,-109.301830
-199.815269,-109.329521
-199.531888,-109.357205
-199.249018,-109.384839
-198.965711,-109.412515
-198.682763,-109.440156
-198.400034,-109.467776
-193.897142,-109.907665
-193.617306,-109.935002
-193.337311,-109.962355
-193.057272,-109.989712
-192.776299,-110.017160
-192.497891,-110.044358
-192.216162,-110.071880
-191.937219,-110.099130
-191.654698,-110.126730
-191.374839,-110.154070
-191.096329,-110.181277
-190.816607,-110.208603
-190.536363,-110.235980
-190.256473,-110.263323
-189.976171,-110.290706
-185.483748,-110.729572
-185.202771,-110.757021
-184.921595,-110.784489
-184.640223,-110.811976
-184.358546,-110.839493
-184.077232,-110.866975
-183.794828,-110.894563
-183.514176,-110.921980
-183.230670,-110.949676
-182.950996,-110.976997
-182.669044,-111.004541
-182.387261,-111.032069
-182.104003,-111.059740
-181.823348,-111.087157
-181.541883,-111.114654
-177.024506,-111.555958
-176.741850,-111.583570
-176.458716,-111.611230
-176.175910,-111.638857
-175.893388,-111.666457
-175.610975,-111.694046
-175.328757,-111.721616
-175.046901,-111.749150
-174.764656,-111.776723
-174.482262,-111.804310
-174.201322,-111.831755
-173.919807,-111.859257
-173.637173,-111.886867
-173.356582,-111.914278
-173.074953,-111.941791
-168.309459,-112.407333
-167.983539,-112.439172
-167.652031,-112.471558
-167.316955,-112.504291
-166.978090,-112.537395
-166.635280,-112.570884
-166.288673,-112.604744
-165.938195,-112.638983
-165.584126,-112.673572
-165.227019,-112.708458
-164.866045,-112.743721
-164.504156,-112.779074
-164.138303,-112.814815
-163.770659,-112.850730
-163.400669,-112.886874
-159.015257,-113.315286
-158.764124,-113.339820
-158.513128,-113.364340
-158.262242,-113.388849
-158.011346,-113.413359
-157.759445,-113.437967
-157.509913,-113.462344
-157.258940,-113.486862
-157.006778,-113.511495
-156.758142,-113.535785
-156.505977,-113.560419
-156.257545,-113.584688
-156.007607,-113.609105
-155.757081,-113.633579
-155.507091,-113.658000
-150.677868,-114.129768
-150.312312,-114.165480
-149.948458,-114.201025
-149.586266,-114.236407
-149.224382,-114.271760
-148.862846,-114.307078
-148.501440,-114.342384
-148.141134,-114.377583
-147.783350,-114.412535
-147.426871,-114.447359
-147.069079,-114.482312
-146.713966,-114.517003
-146.359969,-114.551585
-146.004839,-114.586278
-145.651810,-114.620765
-140.073022,-115.165759
-139.725939,-115.199665
-139.378973,-115.233561
-139.032567,-115.267401
-138.685523,-115.301304
-138.339055,-115.335151
-137.992751,-115.368981
-137.646602,-115.402797
-137.300619,-115.436596
-136.955327,-115.470327
